sp,museumAbbr,specimen,Family,museumName,location,study
Cavia aperea,MACN-Ma,13377,Caviidae,"Museo Argentino de Ciencias Naturales “Bernardino Rivadavia”, Colección Nacional de Mastozoología","Buenos Aires, Argentina",Alvarez and Perez 2019
Cavia aperea,MACN-Ma,22593,Caviidae,"Museo Argentino de Ciencias Naturales “Bernardino Rivadavia”, Colección Nacional de Mastozoología","Buenos Aires, Argentina",Alvarez and Perez 2019
Cavia aperea,MACN-Ma,22587,Caviidae,"Museo Argentino de Ciencias Naturales “Bernardino Rivadavia”, Colección Nacional de Mastozoología","Buenos Aires, Argentina",Alvarez and Perez 2019
Cavia aperea,MLP,30.V.05.7,Caviidae,Museo de La Plata,"La Plata, Argentina",Alvarez and Perez 2019
Dolichotis patagonum,MACN-Ma,29.193,Caviidae,"Museo Argentino de Ciencias Naturales “Bernardino Rivadavia”, Colección Nacional de Mastozoología","Buenos Aires, Argentina",Alvarez and Perez 2019
Dolichotis patagonum,MACN-Ma,30.4,Caviidae,"Museo Argentino de Ciencias Naturales “Bernardino Rivadavia”, Colección Nacional de Mastozoología","Buenos Aires, Argentina",Alvarez and Perez 2019
Dolichotis patagonum,MLP,236,Caviidae,Museo de La Plata,"La Plata, Argentina",Alvarez and Perez 2019
Cavia tschudii,FMNH,49442,Caviidae,Field Museum of Natural History,"Chicago, USA",Alvarez and Perez 2019
Dolichotis salinicola,MACN-Ma,28.143,Caviidae,"Museo Argentino de Ciencias Naturales “Bernardino Rivadavia”, Colección Nacional de Mastozoología","Buenos Aires, Argentina",Alvarez and Perez 2019
Dolichotis salinicola,MACN-Ma,23525,Caviidae,"Museo Argentino de Ciencias Naturales “Bernardino Rivadavia”, Colección Nacional de Mastozoología","Buenos Aires, Argentina",Alvarez and Perez 2019
Hydrochoerus hydrochaeris,MLP,408,Caviidae,Museo de La Plata,"La Plata, Argentina",Alvarez and Perez 2019
Hydrochoerus hydrochaeris,MLP,3.X.00.17,Caviidae,Museo de La Plata,"La Plata, Argentina",Alvarez and Perez 2019
Hydrochoerus hydrochaeris,MACN-Ma,38.248,Caviidae,"Museo Argentino de Ciencias Naturales “Bernardino Rivadavia”, Colección Nacional de Mastozoología","Buenos Aires, Argentina",Alvarez and Perez 2019
Kerodon rupestris,MLP,R 4,Caviidae,Museo de La Plata,"La Plata, Argentina",Alvarez and Perez 2019
Kerodon rupestris,MLP,R 833,Caviidae,Museo de La Plata,"La Plata, Argentina",Alvarez and Perez 2019
Galea musteloides,MLP,15.X.98.5,Caviidae,Museo de La Plata,"La Plata, Argentina",Alvarez and Perez 2019
Microcavia australis,MACN-Ma,28.153,Caviidae,"Museo Argentino de Ciencias Naturales “Bernardino Rivadavia”, Colección Nacional de Mastozoología","Buenos Aires, Argentina",Alvarez and Perez 2019
Microcavia australis,MACN-Ma,35.57,Caviidae,"Museo Argentino de Ciencias Naturales “Bernardino Rivadavia”, Colección Nacional de Mastozoología","Buenos Aires, Argentina",Alvarez and Perez 2019
Microcavia australis,MLP,684(14),Caviidae,Museo de La Plata,"La Plata, Argentina",Alvarez and Perez 2019
Galea spixii,FMNH,20283,Caviidae,Field Museum of Natural History,"Chicago, USA",Alvarez and Perez 2019
Microcavia shiptoni,MACN-Ma,30.133,Caviidae,"Museo Argentino de Ciencias Naturales “Bernardino Rivadavia”, Colección Nacional de Mastozoología","Buenos Aires, Argentina",Alvarez and Perez 2019
Microcavia shiptoni,MACN-Ma,30.137,Caviidae,"Museo Argentino de Ciencias Naturales “Bernardino Rivadavia”, Colección Nacional de Mastozoología","Buenos Aires, Argentina",Alvarez and Perez 2019
Microcavia shiptoni,MACN-Ma,30.135,Caviidae,"Museo Argentino de Ciencias Naturales “Bernardino Rivadavia”, Colección Nacional de Mastozoología","Buenos Aires, Argentina",Alvarez and Perez 2019
†Dolicavia minuscula,MACN-PV,10179,Caviidae,"Museo Argentino de Ciencias Naturales “Bernardino Rivadavia”, Colección Nacional de PaleoVertebrados","Buenos Aires, Argentina",Alvarez and Perez 2019
†Dolicavia minuscula,MACN-PV,10312,Caviidae,"Museo Argentino de Ciencias Naturales “Bernardino Rivadavia”, Colección Nacional de PaleoVertebrados","Buenos Aires, Argentina",Alvarez and Perez 2019
Kerodon rupestris,MLP,R 833,Caviidae,Museo de La Plata,"La Plata, Argentina",Alvarez and Perez 2019
†Eocardia fissa,MACN-PV,A 4490-4502,Caviidae,"Museo Argentino de Ciencias Naturales “Bernardino Rivadavia”, Colección Nacional de PaleoVertebrados","Buenos Aires, Argentina",Alvarez and Perez 2019
Microcavia shiptoni,MACN-Ma,30.137,Caviidae,"Museo Argentino de Ciencias Naturales “Bernardino Rivadavia”, Colección Nacional de Mastozoología","Buenos Aires, Argentina",Alvarez and Perez 2019
†Dolicavia minuscula,MLP,91-IV-5-33,Caviidae,Museo de La Plata,"La Plata, Argentina",Alvarez and Perez 2019
†Phugatherium novum,FCS,92-V-15/3,Caviidae,"Facultad de Ciencias Sociales, Universidad Nacional del Centro","Olavarría, Argentina",Alvarez and Perez 2019
†Prodolichotis pridiana,UCMP,38761,Caviidae,University of California Museum of Paleontology,"Berkeley, USA",Alvarez and Perez 2019
Cuniculus paca,MACN-Ma,49.309,Cuniculidae,"Museo Argentino de Ciencias Naturales “Bernardino Rivadavia”, Colección Nacional de Mastozoología","Buenos Aires, Argentina",Alvarez and Perez 2019
Cuniculus paca,MACN-Ma,49.149,Cuniculidae,"Museo Argentino de Ciencias Naturales “Bernardino Rivadavia”, Colección Nacional de Mastozoología","Buenos Aires, Argentina",Alvarez and Perez 2019
Dasyprocta azarae,MACN-Ma,49.348,Dasyproctidae,"Museo Argentino de Ciencias Naturales “Bernardino Rivadavia”, Colección Nacional de Mastozoología","Buenos Aires, Argentina",Alvarez and Perez 2019
Dasyprocta azarae,MACN-Ma,51.16,Dasyproctidae,"Museo Argentino de Ciencias Naturales “Bernardino Rivadavia”, Colección Nacional de Mastozoología","Buenos Aires, Argentina",Alvarez and Perez 2019
Dasyprocta variegata,MACN-Ma,50.303,Dasyproctidae,"Museo Argentino de Ciencias Naturales “Bernardino Rivadavia”, Colección Nacional de Mastozoología","Buenos Aires, Argentina",Alvarez and Perez 2019
Proechimys sp.,MACN-Ma,14223,Echimyidae,"Museo Argentino de Ciencias Naturales “Bernardino Rivadavia”, Colección Nacional de Mastozoología","Buenos Aires, Argentina",Alvarez and Perez 2019
Proechimys brevicauda,MACN-Ma,50.342,Echimyidae,"Museo Argentino de Ciencias Naturales “Bernardino Rivadavia”, Colección Nacional de Mastozoología","Buenos Aires, Argentina",Alvarez and Perez 2019
Proechimys brevicauda,MVZ,153623,Echimyidae,University of California Museum of Vertebrate Zoology,"Berkeley, USA",Alvarez and Perez 2019
