sp,country,state,locality,museumAbbr,specimen,museumName,study
Clyomys laticeps,BRAZIL,DISTRITO FEDERAL,Brasília,MN,22237,"Museu Nacional, Universidade Federal do Rio de Janeiro, Rio de Janeiro, Brazil",Tavares et al 2019b
Clyomys laticeps,BRAZIL,DISTRITO FEDERAL,Brasília,MN,22234,"Museu Nacional, Universidade Federal do Rio de Janeiro, Rio de Janeiro, Brazil",Tavares et al 2019b
Clyomys laticeps,BRAZIL,DISTRITO FEDERAL,"Parque Nacional de Brasília, Brasília",MN,22236,"Museu Nacional, Universidade Federal do Rio de Janeiro, Rio de Janeiro, Brazil",Tavares et al 2019b
Clyomys laticeps,BRAZIL,DISTRITO FEDERAL,"Parque Nacional de Brasília, Brasília",MN,24146,"Museu Nacional, Universidade Federal do Rio de Janeiro, Rio de Janeiro, Brazil",Tavares et al 2019b
Clyomys laticeps,BRAZIL,GOIÁS,Parque Nacional das Emas,MN,68162,"Museu Nacional, Universidade Federal do Rio de Janeiro, Rio de Janeiro, Brazil",Tavares et al 2019b
Clyomys laticeps,BRAZIL,GOIÁS,Parque Nacional das Emas,MN,68166,"Museu Nacional, Universidade Federal do Rio de Janeiro, Rio de Janeiro, Brazil",Tavares et al 2019b
Clyomys laticeps,BRAZIL,GOIÁS,Parque Nacional das Emas,MN,68170,"Museu Nacional, Universidade Federal do Rio de Janeiro, Rio de Janeiro, Brazil",Tavares et al 2019b
Clyomys laticeps,BRAZIL,MATO GROSSO DO SUL,"Aquidauana, Fazenda Rio Negro, Pantanal",MN,68786,"Museu Nacional, Universidade Federal do Rio de Janeiro, Rio de Janeiro, Brazil",Tavares et al 2019b
Clyomys laticeps,BRAZIL,MATO GROSSO DO SUL,Camapuã,MN,24156,"Museu Nacional, Universidade Federal do Rio de Janeiro, Rio de Janeiro, Brazil",Tavares et al 2019b
Clyomys laticeps,BRAZIL,MATO GROSSO DO SUL,Camapuã,MN,24159,"Museu Nacional, Universidade Federal do Rio de Janeiro, Rio de Janeiro, Brazil",Tavares et al 2019b
Clyomys laticeps,BRAZIL,MATO GROSSO DO SUL,Camapuã,MN,24156,"Museu Nacional, Universidade Federal do Rio de Janeiro, Rio de Janeiro, Brazil",Tavares et al 2019b
Clyomys laticeps,BRAZIL,MATO GROSSO DO SUL,Camapuã,MN,24157,"Museu Nacional, Universidade Federal do Rio de Janeiro, Rio de Janeiro, Brazil",Tavares et al 2019b
Clyomys laticeps,BRAZIL,MATO GROSSO DO SUL,Camapuã,MN,31565,"Museu Nacional, Universidade Federal do Rio de Janeiro, Rio de Janeiro, Brazil",Tavares et al 2019b
Clyomys laticeps,BRAZIL,MATO GROSSO DO SUL,"Corumbá, Fazenda Alegria",MN,63872,"Museu Nacional, Universidade Federal do Rio de Janeiro, Rio de Janeiro, Brazil",Tavares et al 2019b
Clyomys laticeps,BRAZIL,MATO GROSSO DO SUL,"Corumbá, Fazenda Alegria",MN,63891,"Museu Nacional, Universidade Federal do Rio de Janeiro, Rio de Janeiro, Brazil",Tavares et al 2019b
Clyomys laticeps,BRAZIL,MATO GROSSO DO SUL,"Corumbá, Fazenda Alegria",MN,63850,"Museu Nacional, Universidade Federal do Rio de Janeiro, Rio de Janeiro, Brazil",Tavares et al 2019b
Clyomys laticeps,BRAZIL,MATO GROSSO DO SUL,"Corumbá, Fazenda Alegria",MN,63863,"Museu Nacional, Universidade Federal do Rio de Janeiro, Rio de Janeiro, Brazil",Tavares et al 2019b
Clyomys laticeps,BRAZIL,MATO GROSSO DO SUL,"Corumbá, Fazenda Alegria",MN,63872,"Museu Nacional, Universidade Federal do Rio de Janeiro, Rio de Janeiro, Brazil",Tavares et al 2019b
Clyomys laticeps,BRAZIL,MATO GROSSO DO SUL,"Corumbá, Fazenda Alegria",MN,63897,"Museu Nacional, Universidade Federal do Rio de Janeiro, Rio de Janeiro, Brazil",Tavares et al 2019b
Clyomys laticeps,BRAZIL,MATO GROSSO DO SUL,"Corumbá, Fazenda Alegria",MN,63943,"Museu Nacional, Universidade Federal do Rio de Janeiro, Rio de Janeiro, Brazil",Tavares et al 2019b
Clyomys laticeps,BRAZIL,MATO GROSSO DO SUL,"Corumbá, Fazenda Alegria",MN,63945,"Museu Nacional, Universidade Federal do Rio de Janeiro, Rio de Janeiro, Brazil",Tavares et al 2019b
Clyomys laticeps,BRAZIL,SÃO PAULO,"Brotas, Estação Ecológica do Instituto Florestal de Itirapina",MN,68964,"Museu Nacional, Universidade Federal do Rio de Janeiro, Rio de Janeiro, Brazil",Tavares et al 2019b
Clyomys laticeps,BRAZIL,SÃO PAULO,"Brotas, Estação Ecológica do Instituto Florestal de Itirapina",MN,68971,"Museu Nacional, Universidade Federal do Rio de Janeiro, Rio de Janeiro, Brazil",Tavares et al 2019b
Clyomys laticeps,BRAZIL,SÃO PAULO,"Brotas, Estação Ecológica do Instituto Florestal de Itirapina",MN,68964,"Museu Nacional, Universidade Federal do Rio de Janeiro, Rio de Janeiro, Brazil",Tavares et al 2019b
Clyomys laticeps,BRAZIL,SÃO PAULO,"Brotas, Estação Ecológica do Instituto Florestal de Itirapina",MN,68965,"Museu Nacional, Universidade Federal do Rio de Janeiro, Rio de Janeiro, Brazil",Tavares et al 2019b
Clyomys laticeps,BRAZIL,SÃO PAULO,"Brotas, Estação Ecológica do Instituto Florestal de Itirapina",MN,68968,"Museu Nacional, Universidade Federal do Rio de Janeiro, Rio de Janeiro, Brazil",Tavares et al 2019b
Clyomys laticeps,BRAZIL,SÃO PAULO,"Brotas, Estação Ecológica do Instituto Florestal de Itirapina",MN,68971,"Museu Nacional, Universidade Federal do Rio de Janeiro, Rio de Janeiro, Brazil",Tavares et al 2019b
Clyomys laticeps,BRAZIL,SÃO PAULO,Campinas,MN,24137,"Museu Nacional, Universidade Federal do Rio de Janeiro, Rio de Janeiro, Brazil",Tavares et al 2019b
Clyomys laticeps,BRAZIL,SÃO PAULO,Itapetininga,MZUSP,10743,"Museu de Zoologia da Universidade de São Paulo, São Paulo, Brazil",Tavares et al 2019b
Clyomys laticeps,BRAZIL,SÃO PAULO,Itapetininga,MZUSP,10751,"Museu de Zoologia da Universidade de São Paulo, São Paulo, Brazil",Tavares et al 2019b
Clyomys laticeps,BRAZIL,SÃO PAULO,Itapetininga,MZUSP,10752,"Museu de Zoologia da Universidade de São Paulo, São Paulo, Brazil",Tavares et al 2019b
Clyomys laticeps,BRAZIL,SÃO PAULO,Itapetininga,MZUSP,10753,"Museu de Zoologia da Universidade de São Paulo, São Paulo, Brazil",Tavares et al 2019b
Clyomys laticeps,BRAZIL,SÃO PAULO,Itapetininga,MZUSP,10754,"Museu de Zoologia da Universidade de São Paulo, São Paulo, Brazil",Tavares et al 2019b
Clyomys laticeps,BRAZIL,SÃO PAULO,Itapetininga,MZUSP,107540,"Museu de Zoologia da Universidade de São Paulo, São Paulo, Brazil",Tavares et al 2019b
Clyomys laticeps,BRAZIL,SÃO PAULO,Itapetininga,MZUSP,10798,"Museu de Zoologia da Universidade de São Paulo, São Paulo, Brazil",Tavares et al 2019b
Clyomys laticeps,BRAZIL,SÃO PAULO,Itapetininga,MZUSP,25880,"Museu de Zoologia da Universidade de São Paulo, São Paulo, Brazil",Tavares et al 2019b
Clyomys laticeps,BRAZIL,SÃO PAULO,Itapetininga,MZUSP,26660,"Museu de Zoologia da Universidade de São Paulo, São Paulo, Brazil",Tavares et al 2019b
Clyomys laticeps,BRAZIL,SÃO PAULO,Itapetininga,MZUSP,26748,"Museu de Zoologia da Universidade de São Paulo, São Paulo, Brazil",Tavares et al 2019b
Clyomys laticeps,BRAZIL,SÃO PAULO,"Itirapina, Instituto Florestal, Cerrado do Valério",MN,43068,"Museu Nacional, Universidade Federal do Rio de Janeiro, Rio de Janeiro, Brazil",Tavares et al 2019b
Clyomys laticeps,BRAZIL,SÃO PAULO,"Itirapina, Instituto Florestal, Cerrado do Valério",MN,43069,"Museu Nacional, Universidade Federal do Rio de Janeiro, Rio de Janeiro, Brazil",Tavares et al 2019b
Clyomys laticeps,BRAZIL,SÃO PAULO,"Itirapina, Instituto Florestal, Cerrado do Valério",MN,43070,"Museu Nacional, Universidade Federal do Rio de Janeiro, Rio de Janeiro, Brazil",Tavares et al 2019b
Clyomys laticeps,BRAZIL,SÃO PAULO,"Itirapina, Instituto Florestal, Cerrado do Valério",MN,43073,"Museu Nacional, Universidade Federal do Rio de Janeiro, Rio de Janeiro, Brazil",Tavares et al 2019b
Clyomys laticeps,BRAZIL,SÃO PAULO,"Itirapina, Instituto Florestal, Cerrado do Valério",MN,68966,"Museu Nacional, Universidade Federal do Rio de Janeiro, Rio de Janeiro, Brazil",Tavares et al 2019b
Euryzygomatomys spinosus,BRAZIL,ESPÍRITO SANTO,Santa Teresa,MN,4029,"Museu Nacional, Universidade Federal do Rio de Janeiro, Rio de Janeiro, Brazil",Tavares et al 2019b
Euryzygomatomys spinosus,BRAZIL,ESPÍRITO SANTO,Santa Teresa,MN,6235,"Museu Nacional, Universidade Federal do Rio de Janeiro, Rio de Janeiro, Brazil",Tavares et al 2019b
Euryzygomatomys spinosus,BRAZIL,ESPÍRITO SANTO,Santa Teresa,MN,31531,"Museu Nacional, Universidade Federal do Rio de Janeiro, Rio de Janeiro, Brazil",Tavares et al 2019b
Euryzygomatomys spinosus,BRAZIL,MINAS GERAIS,Caratinga,MN,24147,"Museu Nacional, Universidade Federal do Rio de Janeiro, Rio de Janeiro, Brazil",Tavares et al 2019b
Euryzygomatomys spinosus,BRAZIL,MINAS GERAIS,Caratinga,MN,24149,"Museu Nacional, Universidade Federal do Rio de Janeiro, Rio de Janeiro, Brazil",Tavares et al 2019b
Euryzygomatomys spinosus,BRAZIL,MINAS GERAIS,Passos,MN,31557,"Museu Nacional, Universidade Federal do Rio de Janeiro, Rio de Janeiro, Brazil",Tavares et al 2019b
Euryzygomatomys spinosus,BRAZIL,PARANÁ,Jacarezinho,MZUSP,26679,"Museu de Zoologia da Universidade de São Paulo, São Paulo, Brazil",Tavares et al 2019b
Euryzygomatomys spinosus,BRAZIL,RIO DE JANEIRO,"Itatiaia, Ponte da Maromba",MZUSP,8078,"Museu de Zoologia da Universidade de São Paulo, São Paulo, Brazil",Tavares et al 2019b
Euryzygomatomys spinosus,BRAZIL,RIO DE JANEIRO,Levy Gasparian,MN,70164,"Museu Nacional, Universidade Federal do Rio de Janeiro, Rio de Janeiro, Brazil",Tavares et al 2019b
Euryzygomatomys spinosus,BRAZIL,RIO DE JANEIRO,Silva Jardim,MN,29411,"Museu Nacional, Universidade Federal do Rio de Janeiro, Rio de Janeiro, Brazil",Tavares et al 2019b
Euryzygomatomys spinosus,BRAZIL,RIO DE JANEIRO,Silva Jardim,MN,29423,"Museu Nacional, Universidade Federal do Rio de Janeiro, Rio de Janeiro, Brazil",Tavares et al 2019b
Euryzygomatomys spinosus,BRAZIL,SANTA CATARINA,Corupá,MZUSP,385,"Museu de Zoologia da Universidade de São Paulo, São Paulo, Brazil",Tavares et al 2019b
Euryzygomatomys spinosus,BRAZIL,SÃO PAULO,Araçoiaba da Serra,MZUSP,10199,"Museu de Zoologia da Universidade de São Paulo, São Paulo, Brazil",Tavares et al 2019b
Euryzygomatomys spinosus,BRAZIL,SÃO PAULO,"Boracéia, Ribeirão da Lagoa",not-given,9803,NA,Tavares et al 2019b
Euryzygomatomys spinosus,BRAZIL,SÃO PAULO,"Boracéia, Ribeirão da Lagoa",not-given,10755,NA,Tavares et al 2019b
Euryzygomatomys spinosus,BRAZIL,SÃO PAULO,"Boracéia, Ribeirão da Lagoa",not-given,10821,NA,Tavares et al 2019b
Euryzygomatomys spinosus,BRAZIL,SÃO PAULO,"Boracéia, Ribeirão da Lagoa",not-given,25875,NA,Tavares et al 2019b
Euryzygomatomys spinosus,BRAZIL,SÃO PAULO,Itapetininga,MN,24150,"Museu Nacional, Universidade Federal do Rio de Janeiro, Rio de Janeiro, Brazil",Tavares et al 2019b
Euryzygomatomys spinosus,BRAZIL,SÃO PAULO,Itapetininga,MN,24152,"Museu Nacional, Universidade Federal do Rio de Janeiro, Rio de Janeiro, Brazil",Tavares et al 2019b
Euryzygomatomys spinosus,BRAZIL,SÃO PAULO,Salesópolis,MN,24153,"Museu Nacional, Universidade Federal do Rio de Janeiro, Rio de Janeiro, Brazil",Tavares et al 2019b
Euryzygomatomys spinosus,BRAZIL,SÃO PAULO,Salesópolis,MN,24154,"Museu Nacional, Universidade Federal do Rio de Janeiro, Rio de Janeiro, Brazil",Tavares et al 2019b
Euryzygomatomys spinosus,BRAZIL,SÃO PAULO,"Salto de Pirapora, Bairro da Ilha",MZUSP,26556,"Museu de Zoologia da Universidade de São Paulo, São Paulo, Brazil",Tavares et al 2019b
Euryzygomatomys spinosus,BRAZIL,SÃO PAULO,"Salto de Pirapora, Bairro da Ilha",MZUSP,26558,"Museu de Zoologia da Universidade de São Paulo, São Paulo, Brazil",Tavares et al 2019b
Euryzygomatomys spinosus,BRAZIL,SÃO PAULO,"Salto de Pirapora, Bairro da Ilha",MZUSP,26559,"Museu de Zoologia da Universidade de São Paulo, São Paulo, Brazil",Tavares et al 2019b
Euryzygomatomys spinosus,BRAZIL,SÃO PAULO,"Salto de Pirapora, Bairro da Ilha",MZUSP,26560,"Museu de Zoologia da Universidade de São Paulo, São Paulo, Brazil",Tavares et al 2019b
Euryzygomatomys spinosus,BRAZIL,SÃO PAULO,"Salto de Pirapora, Bairro da Ilha",MZUSP,26564,"Museu de Zoologia da Universidade de São Paulo, São Paulo, Brazil",Tavares et al 2019b
Euryzygomatomys spinosus,BRAZIL,SÃO PAULO,"Salto de Pirapora, Bairro da Ilha",MZUSP,26566,"Museu de Zoologia da Universidade de São Paulo, São Paulo, Brazil",Tavares et al 2019b
Euryzygomatomys spinosus,BRAZIL,SÃO PAULO,"Salto de Pirapora, Bairro da Ilha",MZUSP,26567,"Museu de Zoologia da Universidade de São Paulo, São Paulo, Brazil",Tavares et al 2019b
Euryzygomatomys spinosus,BRAZIL,SÃO PAULO,"Salto de Pirapora, Bairro da Ilha",MZUSP,26570,"Museu de Zoologia da Universidade de São Paulo, São Paulo, Brazil",Tavares et al 2019b
Euryzygomatomys spinosus,BRAZIL,SÃO PAULO,"Salto de Pirapora, Bairro da Ilha",MZUSP,26570,"Museu de Zoologia da Universidade de São Paulo, São Paulo, Brazil",Tavares et al 2019b
Euryzygomatomys spinosus,BRAZIL,SÃO PAULO,"Salto de Pirapora, Bairro da Ilha",MZUSP,26571,"Museu de Zoologia da Universidade de São Paulo, São Paulo, Brazil",Tavares et al 2019b
Euryzygomatomys spinosus,BRAZIL,SÃO PAULO,"Salto de Pirapora, Bairro da Ilha",MZUSP,26573,"Museu de Zoologia da Universidade de São Paulo, São Paulo, Brazil",Tavares et al 2019b
Euryzygomatomys spinosus,BRAZIL,SÃO PAULO,"Salto de Pirapora, Bairro da Ilha",MZUSP,26575,"Museu de Zoologia da Universidade de São Paulo, São Paulo, Brazil",Tavares et al 2019b
Euryzygomatomys spinosus,BRAZIL,SÃO PAULO,"Salto de Pirapora, Bairro da Ilha",MZUSP,26578,"Museu de Zoologia da Universidade de São Paulo, São Paulo, Brazil",Tavares et al 2019b
Euryzygomatomys spinosus,BRAZIL,SÃO PAULO,"Salto de Pirapora, Bairro da Ilha",MZUSP,26580,"Museu de Zoologia da Universidade de São Paulo, São Paulo, Brazil",Tavares et al 2019b
Euryzygomatomys spinosus,BRAZIL,SÃO PAULO,"Salto de Pirapora, Bairro da Ilha",MZUSP,26582,"Museu de Zoologia da Universidade de São Paulo, São Paulo, Brazil",Tavares et al 2019b
Euryzygomatomys spinosus,BRAZIL,SÃO PAULO,"Salto de Pirapora, Bairro da Ilha",MZUSP,26584,"Museu de Zoologia da Universidade de São Paulo, São Paulo, Brazil",Tavares et al 2019b
Euryzygomatomys spinosus,BRAZIL,SÃO PAULO,"Salto de Pirapora, Bairro da Ilha",MZUSP,26586,"Museu de Zoologia da Universidade de São Paulo, São Paulo, Brazil",Tavares et al 2019b
Euryzygomatomys spinosus,BRAZIL,SÃO PAULO,"Salto de Pirapora, Bairro da Ilha",MZUSP,26625,"Museu de Zoologia da Universidade de São Paulo, São Paulo, Brazil",Tavares et al 2019b
Euryzygomatomys spinosus,BRAZIL,SÃO PAULO,"Salto de Pirapora, Bairro da Ilha",MZUSP,26626,"Museu de Zoologia da Universidade de São Paulo, São Paulo, Brazil",Tavares et al 2019b
Euryzygomatomys spinosus,BRAZIL,SÃO PAULO,"Salto de Pirapora, Bairro da Ilha",MZUSP,26627,"Museu de Zoologia da Universidade de São Paulo, São Paulo, Brazil",Tavares et al 2019b
Euryzygomatomys spinosus,BRAZIL,SÃO PAULO,"Salto de Pirapora, Bairro da Ilha",MZUSP,26628,"Museu de Zoologia da Universidade de São Paulo, São Paulo, Brazil",Tavares et al 2019b
Euryzygomatomys spinosus,BRAZIL,SÃO PAULO,"Salto de Pirapora, Bairro da Ilha",MZUSP,26632,"Museu de Zoologia da Universidade de São Paulo, São Paulo, Brazil",Tavares et al 2019b
Euryzygomatomys spinosus,BRAZIL,SÃO PAULO,"Salto de Pirapora, Bairro da Ilha",MZUSP,26636,"Museu de Zoologia da Universidade de São Paulo, São Paulo, Brazil",Tavares et al 2019b
Euryzygomatomys spinosus,BRAZIL,SÃO PAULO,"Salto de Pirapora, Bairro da Ilha",MZUSP,26637,"Museu de Zoologia da Universidade de São Paulo, São Paulo, Brazil",Tavares et al 2019b
Euryzygomatomys spinosus,BRAZIL,SÃO PAULO,"Salto de Pirapora, Bairro da Ilha",MZUSP,26638,"Museu de Zoologia da Universidade de São Paulo, São Paulo, Brazil",Tavares et al 2019b
Euryzygomatomys spinosus,BRAZIL,SÃO PAULO,"Salto de Pirapora, Bairro da Ilha",MZUSP,26704,"Museu de Zoologia da Universidade de São Paulo, São Paulo, Brazil",Tavares et al 2019b
Euryzygomatomys spinosus,BRAZIL,SÃO PAULO,"Salto de Pirapora, Bairro da Ilha",MZUSP,26829,"Museu de Zoologia da Universidade de São Paulo, São Paulo, Brazil",Tavares et al 2019b
Euryzygomatomys spinosus,BRAZIL,SÃO PAULO,"Salto de Pirapora, Bairro da Ilha",MZUSP,26830,"Museu de Zoologia da Universidade de São Paulo, São Paulo, Brazil",Tavares et al 2019b
Euryzygomatomys spinosus,BRAZIL,SÃO PAULO,São Paulo,MZUSP,6684,"Museu de Zoologia da Universidade de São Paulo, São Paulo, Brazil",Tavares et al 2019b
Euryzygomatomys spinosus,BRAZIL,SÃO PAULO,Ubatuba,MN,31560,"Museu Nacional, Universidade Federal do Rio de Janeiro, Rio de Janeiro, Brazil",Tavares et al 2019b
Euryzygomatomys spinosus,BRAZIL,SÃO PAULO,Unknown localities,MN,7284,"Museu Nacional, Universidade Federal do Rio de Janeiro, Rio de Janeiro, Brazil",Tavares et al 2019b
Euryzygomatomys spinosus,BRAZIL,SÃO PAULO,Unknown localities,MN,31519,"Museu Nacional, Universidade Federal do Rio de Janeiro, Rio de Janeiro, Brazil",Tavares et al 2019b
Euryzygomatomys spinosus,BRAZIL,SÃO PAULO,Unknown localities,MN,31525,"Museu Nacional, Universidade Federal do Rio de Janeiro, Rio de Janeiro, Brazil",Tavares et al 2019b
Euryzygomatomys spinosus,BRAZIL,SÃO PAULO,Unknown localities,MN,31528,"Museu Nacional, Universidade Federal do Rio de Janeiro, Rio de Janeiro, Brazil",Tavares et al 2019b
Euryzygomatomys spinosus,BRAZIL,SÃO PAULO,Unknown localities,MZUSP,22407,"Museu de Zoologia da Universidade de São Paulo, São Paulo, Brazil",Tavares et al 2019b
Euryzygomatomys spinosus,BRAZIL,SÃO PAULO,Unknown localities,MZUSP,22408,"Museu de Zoologia da Universidade de São Paulo, São Paulo, Brazil",Tavares et al 2019b
Trinomys albispinus,BRAZIL,BAHIA,Jaguaquara,MN,13870,"Museu Nacional, Universidade Federal do Rio de Janeiro, Rio de Janeiro, Brazil",Tavares et al 2019b
Trinomys albispinus,BRAZIL,BAHIA,Jaguaquara,MN,13871,"Museu Nacional, Universidade Federal do Rio de Janeiro, Rio de Janeiro, Brazil",Tavares et al 2019b
Trinomys albispinus,BRAZIL,BAHIA,Jaguaquara,MN,13872,"Museu Nacional, Universidade Federal do Rio de Janeiro, Rio de Janeiro, Brazil",Tavares et al 2019b
Trinomys albispinus,BRAZIL,BAHIA,Jaguaquara,MN,13874,"Museu Nacional, Universidade Federal do Rio de Janeiro, Rio de Janeiro, Brazil",Tavares et al 2019b
Trinomys albispinus,BRAZIL,BAHIA,Jaguaquara,MN,13875,"Museu Nacional, Universidade Federal do Rio de Janeiro, Rio de Janeiro, Brazil",Tavares et al 2019b
Trinomys albispinus,BRAZIL,BAHIA,Jaguaquara,MN,13878,"Museu Nacional, Universidade Federal do Rio de Janeiro, Rio de Janeiro, Brazil",Tavares et al 2019b
Trinomys albispinus,BRAZIL,BAHIA,Jaguaquara,MN,13879,"Museu Nacional, Universidade Federal do Rio de Janeiro, Rio de Janeiro, Brazil",Tavares et al 2019b
Trinomys albispinus,BRAZIL,BAHIA,Jaguaquara,MN,13880,"Museu Nacional, Universidade Federal do Rio de Janeiro, Rio de Janeiro, Brazil",Tavares et al 2019b
Trinomys albispinus,BRAZIL,BAHIA,Jaguaquara,MN,13881,"Museu Nacional, Universidade Federal do Rio de Janeiro, Rio de Janeiro, Brazil",Tavares et al 2019b
Trinomys albispinus,BRAZIL,BAHIA,Jaguaquara,MN,13882,"Museu Nacional, Universidade Federal do Rio de Janeiro, Rio de Janeiro, Brazil",Tavares et al 2019b
Trinomys albispinus,BRAZIL,BAHIA,Jaguaquara,MN,13883,"Museu Nacional, Universidade Federal do Rio de Janeiro, Rio de Janeiro, Brazil",Tavares et al 2019b
Trinomys albispinus,BRAZIL,BAHIA,Jaguaquara,MN,13884,"Museu Nacional, Universidade Federal do Rio de Janeiro, Rio de Janeiro, Brazil",Tavares et al 2019b
Trinomys albispinus,BRAZIL,BAHIA,Jaguaquara,MN,13885,"Museu Nacional, Universidade Federal do Rio de Janeiro, Rio de Janeiro, Brazil",Tavares et al 2019b
Trinomys albispinus,BRAZIL,BAHIA,Jaguaquara,MN,13886,"Museu Nacional, Universidade Federal do Rio de Janeiro, Rio de Janeiro, Brazil",Tavares et al 2019b
Trinomys albispinus,BRAZIL,BAHIA,Jaguaquara,MN,13887,"Museu Nacional, Universidade Federal do Rio de Janeiro, Rio de Janeiro, Brazil",Tavares et al 2019b
Trinomys albispinus,BRAZIL,BAHIA,Jaguaquara,MN,13888,"Museu Nacional, Universidade Federal do Rio de Janeiro, Rio de Janeiro, Brazil",Tavares et al 2019b
Trinomys albispinus,BRAZIL,BAHIA,Jaguaquara,MN,13890,"Museu Nacional, Universidade Federal do Rio de Janeiro, Rio de Janeiro, Brazil",Tavares et al 2019b
Trinomys albispinus,BRAZIL,BAHIA,Jaguaquara,MN,13892,"Museu Nacional, Universidade Federal do Rio de Janeiro, Rio de Janeiro, Brazil",Tavares et al 2019b
Trinomys albispinus,BRAZIL,BAHIA,Jaguaquara,MN,13895,"Museu Nacional, Universidade Federal do Rio de Janeiro, Rio de Janeiro, Brazil",Tavares et al 2019b
Trinomys albispinus,BRAZIL,BAHIA,Jaguaquara,MN,13896,"Museu Nacional, Universidade Federal do Rio de Janeiro, Rio de Janeiro, Brazil",Tavares et al 2019b
Trinomys albispinus,BRAZIL,BAHIA,Jaguaquara,MN,13897,"Museu Nacional, Universidade Federal do Rio de Janeiro, Rio de Janeiro, Brazil",Tavares et al 2019b
Trinomys albispinus,BRAZIL,BAHIA,Jaguaquara,MN,13898,"Museu Nacional, Universidade Federal do Rio de Janeiro, Rio de Janeiro, Brazil",Tavares et al 2019b
Trinomys albispinus,BRAZIL,BAHIA,Jaguaquara,MN,13899,"Museu Nacional, Universidade Federal do Rio de Janeiro, Rio de Janeiro, Brazil",Tavares et al 2019b
Trinomys albispinus,BRAZIL,BAHIA,Jaguaquara,MN,13900,"Museu Nacional, Universidade Federal do Rio de Janeiro, Rio de Janeiro, Brazil",Tavares et al 2019b
Trinomys albispinus,BRAZIL,BAHIA,Jaguaquara,MN,13901,"Museu Nacional, Universidade Federal do Rio de Janeiro, Rio de Janeiro, Brazil",Tavares et al 2019b
Trinomys albispinus,BRAZIL,BAHIA,Jaguaquara,MN,13902,"Museu Nacional, Universidade Federal do Rio de Janeiro, Rio de Janeiro, Brazil",Tavares et al 2019b
Trinomys albispinus,BRAZIL,BAHIA,Jaguaquara,MN,13932,"Museu Nacional, Universidade Federal do Rio de Janeiro, Rio de Janeiro, Brazil",Tavares et al 2019b
Trinomys albispinus,BRAZIL,BAHIA,Jaguaquara,MN,13933,"Museu Nacional, Universidade Federal do Rio de Janeiro, Rio de Janeiro, Brazil",Tavares et al 2019b
Trinomys albispinus,BRAZIL,BAHIA,Jaguaquara,MN,13934,"Museu Nacional, Universidade Federal do Rio de Janeiro, Rio de Janeiro, Brazil",Tavares et al 2019b
Trinomys albispinus,BRAZIL,BAHIA,Jaguaquara,MN,13936,"Museu Nacional, Universidade Federal do Rio de Janeiro, Rio de Janeiro, Brazil",Tavares et al 2019b
Trinomys albispinus,BRAZIL,BAHIA,Jaguaquara,MN,13937,"Museu Nacional, Universidade Federal do Rio de Janeiro, Rio de Janeiro, Brazil",Tavares et al 2019b
Trinomys albispinus,BRAZIL,BAHIA,Jaguaquara,MN,13940,"Museu Nacional, Universidade Federal do Rio de Janeiro, Rio de Janeiro, Brazil",Tavares et al 2019b
Trinomys albispinus,BRAZIL,BAHIA,Jaguaquara,MN,13944,"Museu Nacional, Universidade Federal do Rio de Janeiro, Rio de Janeiro, Brazil",Tavares et al 2019b
Trinomys albispinus,BRAZIL,BAHIA,Jaguaquara,MN,13947,"Museu Nacional, Universidade Federal do Rio de Janeiro, Rio de Janeiro, Brazil",Tavares et al 2019b
Trinomys albispinus,BRAZIL,BAHIA,Jaguaquara,MN,13955,"Museu Nacional, Universidade Federal do Rio de Janeiro, Rio de Janeiro, Brazil",Tavares et al 2019b
Trinomys albispinus,BRAZIL,BAHIA,Jaguaquara,MN,13956,"Museu Nacional, Universidade Federal do Rio de Janeiro, Rio de Janeiro, Brazil",Tavares et al 2019b
Trinomys albispinus,BRAZIL,BAHIA,Jaguaquara,MN,13970,"Museu Nacional, Universidade Federal do Rio de Janeiro, Rio de Janeiro, Brazil",Tavares et al 2019b
Trinomys albispinus,BRAZIL,BAHIA,Jaguaquara,MN,13972,"Museu Nacional, Universidade Federal do Rio de Janeiro, Rio de Janeiro, Brazil",Tavares et al 2019b
Trinomys albispinus,BRAZIL,BAHIA,Jaguaquara,MN,13973,"Museu Nacional, Universidade Federal do Rio de Janeiro, Rio de Janeiro, Brazil",Tavares et al 2019b
Trinomys albispinus,BRAZIL,BAHIA,Jaguaquara,MN,13975,"Museu Nacional, Universidade Federal do Rio de Janeiro, Rio de Janeiro, Brazil",Tavares et al 2019b
Trinomys albispinus,BRAZIL,BAHIA,Jaguaquara,MN,13976,"Museu Nacional, Universidade Federal do Rio de Janeiro, Rio de Janeiro, Brazil",Tavares et al 2019b
Trinomys albispinus,BRAZIL,BAHIA,Jaguaquara,MN,13981,"Museu Nacional, Universidade Federal do Rio de Janeiro, Rio de Janeiro, Brazil",Tavares et al 2019b
Trinomys albispinus,BRAZIL,BAHIA,Jaguaquara,MN,13982,"Museu Nacional, Universidade Federal do Rio de Janeiro, Rio de Janeiro, Brazil",Tavares et al 2019b
Trinomys albispinus,BRAZIL,BAHIA,Jaguaquara,MN,13986,"Museu Nacional, Universidade Federal do Rio de Janeiro, Rio de Janeiro, Brazil",Tavares et al 2019b
Trinomys albispinus,BRAZIL,BAHIA,Jaguaquara,MN,13990,"Museu Nacional, Universidade Federal do Rio de Janeiro, Rio de Janeiro, Brazil",Tavares et al 2019b
Trinomys albispinus,BRAZIL,BAHIA,Jaguaquara,MN,13995,"Museu Nacional, Universidade Federal do Rio de Janeiro, Rio de Janeiro, Brazil",Tavares et al 2019b
Trinomys albispinus,BRAZIL,BAHIA,Jaguaquara,MN,13998,"Museu Nacional, Universidade Federal do Rio de Janeiro, Rio de Janeiro, Brazil",Tavares et al 2019b
Trinomys albispinus,BRAZIL,BAHIA,Jaguaquara,MN,14000,"Museu Nacional, Universidade Federal do Rio de Janeiro, Rio de Janeiro, Brazil",Tavares et al 2019b
Trinomys albispinus,BRAZIL,BAHIA,Jaguaquara,MN,33911,"Museu Nacional, Universidade Federal do Rio de Janeiro, Rio de Janeiro, Brazil",Tavares et al 2019b
Trinomys albispinus,BRAZIL,BAHIA,Jaguaquara,MN,33913,"Museu Nacional, Universidade Federal do Rio de Janeiro, Rio de Janeiro, Brazil",Tavares et al 2019b
Trinomys albispinus,BRAZIL,BAHIA,Jaguaquara,MN,33914,"Museu Nacional, Universidade Federal do Rio de Janeiro, Rio de Janeiro, Brazil",Tavares et al 2019b
Trinomys albispinus,BRAZIL,BAHIA,Jaguaquara,MN,33915,"Museu Nacional, Universidade Federal do Rio de Janeiro, Rio de Janeiro, Brazil",Tavares et al 2019b
Trinomys albispinus,BRAZIL,BAHIA,Jaguaquara,MN,33917,"Museu Nacional, Universidade Federal do Rio de Janeiro, Rio de Janeiro, Brazil",Tavares et al 2019b
Trinomys albispinus,BRAZIL,BAHIA,Jaguaquara,MN,33919,"Museu Nacional, Universidade Federal do Rio de Janeiro, Rio de Janeiro, Brazil",Tavares et al 2019b
Trinomys albispinus,BRAZIL,BAHIA,Jaguaquara,MN,33922,"Museu Nacional, Universidade Federal do Rio de Janeiro, Rio de Janeiro, Brazil",Tavares et al 2019b
Trinomys albispinus,BRAZIL,BAHIA,Jaguaquara,MN,33923,"Museu Nacional, Universidade Federal do Rio de Janeiro, Rio de Janeiro, Brazil",Tavares et al 2019b
Trinomys albispinus,BRAZIL,BAHIA,Jaguaquara,MN,33931,"Museu Nacional, Universidade Federal do Rio de Janeiro, Rio de Janeiro, Brazil",Tavares et al 2019b
Trinomys albispinus,BRAZIL,BAHIA,Jaguaquara,MN,33934,"Museu Nacional, Universidade Federal do Rio de Janeiro, Rio de Janeiro, Brazil",Tavares et al 2019b
Trinomys albispinus,BRAZIL,BAHIA,Jaguaquara,MN,33935,"Museu Nacional, Universidade Federal do Rio de Janeiro, Rio de Janeiro, Brazil",Tavares et al 2019b
Trinomys albispinus,BRAZIL,BAHIA,Jaguaquara,MN,33936,"Museu Nacional, Universidade Federal do Rio de Janeiro, Rio de Janeiro, Brazil",Tavares et al 2019b
Trinomys albispinus,BRAZIL,BAHIA,Jaguaquara,MN,34032,"Museu Nacional, Universidade Federal do Rio de Janeiro, Rio de Janeiro, Brazil",Tavares et al 2019b
Trinomys albispinus,BRAZIL,BAHIA,Jaguaquara,MN,34046,"Museu Nacional, Universidade Federal do Rio de Janeiro, Rio de Janeiro, Brazil",Tavares et al 2019b
Trinomys albispinus,BRAZIL,BAHIA,Jaguaquara,MN,34051,"Museu Nacional, Universidade Federal do Rio de Janeiro, Rio de Janeiro, Brazil",Tavares et al 2019b
Trinomys yonenagae,BRAZIL,BAHIA,Ibiraba,MZUSP,28883,"Museu de Zoologia da Universidade de São Paulo, São Paulo, Brazil",Tavares et al 2019b
Trinomys yonenagae,BRAZIL,BAHIA,Ibiraba,MZUSP,28896,"Museu de Zoologia da Universidade de São Paulo, São Paulo, Brazil",Tavares et al 2019b
Trinomys yonenagae,BRAZIL,BAHIA,Ibiraba,MZUSP,28897,"Museu de Zoologia da Universidade de São Paulo, São Paulo, Brazil",Tavares et al 2019b
Trinomys yonenagae,BRAZIL,BAHIA,Ibiraba,MZUSP,28898,"Museu de Zoologia da Universidade de São Paulo, São Paulo, Brazil",Tavares et al 2019b
Trinomys yonenagae,BRAZIL,BAHIA,Ibiraba,MZUSP,28899,"Museu de Zoologia da Universidade de São Paulo, São Paulo, Brazil",Tavares et al 2019b
Trinomys yonenagae,BRAZIL,BAHIA,Ibiraba,MZUSP,28900,"Museu de Zoologia da Universidade de São Paulo, São Paulo, Brazil",Tavares et al 2019b
Trinomys yonenagae,BRAZIL,BAHIA,Ibiraba,MZUSP,28901,"Museu de Zoologia da Universidade de São Paulo, São Paulo, Brazil",Tavares et al 2019b
Trinomys yonenagae,BRAZIL,BAHIA,Ibiraba,MZUSP,28902,"Museu de Zoologia da Universidade de São Paulo, São Paulo, Brazil",Tavares et al 2019b
Trinomys yonenagae,BRAZIL,BAHIA,Ibiraba,MZUSP,28903,"Museu de Zoologia da Universidade de São Paulo, São Paulo, Brazil",Tavares et al 2019b
Trinomys yonenagae,BRAZIL,BAHIA,Ibiraba,MZUSP,28904,"Museu de Zoologia da Universidade de São Paulo, São Paulo, Brazil",Tavares et al 2019b
Trinomys yonenagae,BRAZIL,BAHIA,Ibiraba,MZUSP,28905,"Museu de Zoologia da Universidade de São Paulo, São Paulo, Brazil",Tavares et al 2019b
Trinomys yonenagae,BRAZIL,BAHIA,Ibiraba,MZUSP,28906,"Museu de Zoologia da Universidade de São Paulo, São Paulo, Brazil",Tavares et al 2019b
Trinomys yonenagae,BRAZIL,BAHIA,Ibiraba,MZUSP,28907,"Museu de Zoologia da Universidade de São Paulo, São Paulo, Brazil",Tavares et al 2019b
Trinomys yonenagae,BRAZIL,BAHIA,Ibiraba,MZUSP,28908,"Museu de Zoologia da Universidade de São Paulo, São Paulo, Brazil",Tavares et al 2019b
Trinomys yonenagae,BRAZIL,BAHIA,Ibiraba,MZUSP,28909,"Museu de Zoologia da Universidade de São Paulo, São Paulo, Brazil",Tavares et al 2019b
Trinomys yonenagae,BRAZIL,BAHIA,Ibiraba,MZUSP,28910,"Museu de Zoologia da Universidade de São Paulo, São Paulo, Brazil",Tavares et al 2019b
Trinomys yonenagae,BRAZIL,BAHIA,Ibiraba,MZUSP,28911,"Museu de Zoologia da Universidade de São Paulo, São Paulo, Brazil",Tavares et al 2019b
Trinomys yonenagae,BRAZIL,BAHIA,Ibiraba,MZUSP,28912,"Museu de Zoologia da Universidade de São Paulo, São Paulo, Brazil",Tavares et al 2019b
Trinomys yonenagae,BRAZIL,BAHIA,Ibiraba,MZUSP,28913,"Museu de Zoologia da Universidade de São Paulo, São Paulo, Brazil",Tavares et al 2019b
Trinomys yonenagae,BRAZIL,BAHIA,Ibiraba,MZUSP,28914,"Museu de Zoologia da Universidade de São Paulo, São Paulo, Brazil",Tavares et al 2019b
Trinomys yonenagae,BRAZIL,BAHIA,Ibiraba,MZUSP,28915,"Museu de Zoologia da Universidade de São Paulo, São Paulo, Brazil",Tavares et al 2019b
Trinomys yonenagae,BRAZIL,BAHIA,Ibiraba,MZUSP,28916,"Museu de Zoologia da Universidade de São Paulo, São Paulo, Brazil",Tavares et al 2019b
Trinomys yonenagae,BRAZIL,BAHIA,Ibiraba,MZUSP,28917,"Museu de Zoologia da Universidade de São Paulo, São Paulo, Brazil",Tavares et al 2019b
Trinomys yonenagae,BRAZIL,BAHIA,Ibiraba,MZUSP,28918,"Museu de Zoologia da Universidade de São Paulo, São Paulo, Brazil",Tavares et al 2019b
Trinomys yonenagae,BRAZIL,BAHIA,Ibiraba,MZUSP,28919,"Museu de Zoologia da Universidade de São Paulo, São Paulo, Brazil",Tavares et al 2019b
Trinomys yonenagae,BRAZIL,BAHIA,Ibiraba,MZUSP,28920,"Museu de Zoologia da Universidade de São Paulo, São Paulo, Brazil",Tavares et al 2019b
Trinomys yonenagae,BRAZIL,BAHIA,Ibiraba,MZUSP,28922,"Museu de Zoologia da Universidade de São Paulo, São Paulo, Brazil",Tavares et al 2019b
Trinomys yonenagae,BRAZIL,BAHIA,Ibiraba,MZUSP,28923,"Museu de Zoologia da Universidade de São Paulo, São Paulo, Brazil",Tavares et al 2019b
Trinomys yonenagae,BRAZIL,BAHIA,Ibiraba,MZUSP,28925,"Museu de Zoologia da Universidade de São Paulo, São Paulo, Brazil",Tavares et al 2019b
Trinomys yonenagae,BRAZIL,BAHIA,Ibiraba,MZUSP,28926,"Museu de Zoologia da Universidade de São Paulo, São Paulo, Brazil",Tavares et al 2019b
Trinomys yonenagae,BRAZIL,BAHIA,Ibiraba,MZUSP,28927,"Museu de Zoologia da Universidade de São Paulo, São Paulo, Brazil",Tavares et al 2019b
Trinomys yonenagae,BRAZIL,BAHIA,Ibiraba,MZUSP,28928,"Museu de Zoologia da Universidade de São Paulo, São Paulo, Brazil",Tavares et al 2019b
Trinomys yonenagae,BRAZIL,BAHIA,Ibiraba,MZUSP,28929,"Museu de Zoologia da Universidade de São Paulo, São Paulo, Brazil",Tavares et al 2019b
Trinomys yonenagae,BRAZIL,BAHIA,Ibiraba,MZUSP,28930,"Museu de Zoologia da Universidade de São Paulo, São Paulo, Brazil",Tavares et al 2019b
Trinomys yonenagae,BRAZIL,BAHIA,Ibiraba,MZUSP,28931,"Museu de Zoologia da Universidade de São Paulo, São Paulo, Brazil",Tavares et al 2019b
Trinomys yonenagae,BRAZIL,BAHIA,Ibiraba,MZUSP,28933,"Museu de Zoologia da Universidade de São Paulo, São Paulo, Brazil",Tavares et al 2019b
Trinomys yonenagae,BRAZIL,BAHIA,Ibiraba,MZUSP,28934,"Museu de Zoologia da Universidade de São Paulo, São Paulo, Brazil",Tavares et al 2019b
Trinomys yonenagae,BRAZIL,BAHIA,Ibiraba,MZUSP,28935,"Museu de Zoologia da Universidade de São Paulo, São Paulo, Brazil",Tavares et al 2019b
Trinomys yonenagae,BRAZIL,BAHIA,Ibiraba,MZUSP,28936,"Museu de Zoologia da Universidade de São Paulo, São Paulo, Brazil",Tavares et al 2019b
Trinomys yonenagae,BRAZIL,BAHIA,Ibiraba,MZUSP,28938,"Museu de Zoologia da Universidade de São Paulo, São Paulo, Brazil",Tavares et al 2019b
Trinomys yonenagae,BRAZIL,BAHIA,Ibiraba,MZUSP,28941,"Museu de Zoologia da Universidade de São Paulo, São Paulo, Brazil",Tavares et al 2019b
Trinomys yonenagae,BRAZIL,BAHIA,Ibiraba,MZUSP,28943,"Museu de Zoologia da Universidade de São Paulo, São Paulo, Brazil",Tavares et al 2019b
Trinomys yonenagae,BRAZIL,BAHIA,Ibiraba,MZUSP,28944,"Museu de Zoologia da Universidade de São Paulo, São Paulo, Brazil",Tavares et al 2019b
Trinomys yonenagae,BRAZIL,BAHIA,Ibiraba,MZUSP,28945,"Museu de Zoologia da Universidade de São Paulo, São Paulo, Brazil",Tavares et al 2019b
Proechimys guyannensis,BRAZIL,AMAPÁ,Serra do Navio,MN,20304,"Museu Nacional, Universidade Federal do Rio de Janeiro, Rio de Janeiro, Brazil",Tavares et al 2019b
Proechimys guyannensis,BRAZIL,AMAPÁ,Serra do Navio,MN,20305,"Museu Nacional, Universidade Federal do Rio de Janeiro, Rio de Janeiro, Brazil",Tavares et al 2019b
Proechimys guyannensis,BRAZIL,AMAPÁ,Serra do Navio,MN,20307,"Museu Nacional, Universidade Federal do Rio de Janeiro, Rio de Janeiro, Brazil",Tavares et al 2019b
Proechimys guyannensis,BRAZIL,AMAPÁ,Serra do Navio,MN,20308,"Museu Nacional, Universidade Federal do Rio de Janeiro, Rio de Janeiro, Brazil",Tavares et al 2019b
Proechimys guyannensis,BRAZIL,AMAPÁ,Serra do Navio,MN,20309,"Museu Nacional, Universidade Federal do Rio de Janeiro, Rio de Janeiro, Brazil",Tavares et al 2019b
Proechimys guyannensis,BRAZIL,AMAPÁ,Serra do Navio,MN,20312,"Museu Nacional, Universidade Federal do Rio de Janeiro, Rio de Janeiro, Brazil",Tavares et al 2019b
Proechimys guyannensis,BRAZIL,AMAPÁ,Serra do Navio,MN,20314,"Museu Nacional, Universidade Federal do Rio de Janeiro, Rio de Janeiro, Brazil",Tavares et al 2019b
Proechimys guyannensis,BRAZIL,AMAPÁ,Serra do Navio,MN,20316,"Museu Nacional, Universidade Federal do Rio de Janeiro, Rio de Janeiro, Brazil",Tavares et al 2019b
Proechimys guyannensis,BRAZIL,AMAPÁ,Serra do Navio,MN,20320,"Museu Nacional, Universidade Federal do Rio de Janeiro, Rio de Janeiro, Brazil",Tavares et al 2019b
Proechimys guyannensis,BRAZIL,AMAPÁ,Serra do Navio,MN,20321,"Museu Nacional, Universidade Federal do Rio de Janeiro, Rio de Janeiro, Brazil",Tavares et al 2019b
Proechimys guyannensis,BRAZIL,AMAPÁ,Serra do Navio,MN,20323,"Museu Nacional, Universidade Federal do Rio de Janeiro, Rio de Janeiro, Brazil",Tavares et al 2019b
Proechimys guyannensis,BRAZIL,AMAPÁ,Serra do Navio,MN,20325,"Museu Nacional, Universidade Federal do Rio de Janeiro, Rio de Janeiro, Brazil",Tavares et al 2019b
Proechimys guyannensis,BRAZIL,AMAPÁ,Serra do Navio,MN,20326,"Museu Nacional, Universidade Federal do Rio de Janeiro, Rio de Janeiro, Brazil",Tavares et al 2019b
Proechimys guyannensis,BRAZIL,AMAPÁ,Serra do Navio,MN,20327,"Museu Nacional, Universidade Federal do Rio de Janeiro, Rio de Janeiro, Brazil",Tavares et al 2019b
Proechimys guyannensis,BRAZIL,AMAPÁ,Serra do Navio,MN,20328,"Museu Nacional, Universidade Federal do Rio de Janeiro, Rio de Janeiro, Brazil",Tavares et al 2019b
Proechimys guyannensis,BRAZIL,AMAPÁ,Serra do Navio,MN,20329,"Museu Nacional, Universidade Federal do Rio de Janeiro, Rio de Janeiro, Brazil",Tavares et al 2019b
Proechimys guyannensis,BRAZIL,AMAPÁ,Serra do Navio,MN,20330,"Museu Nacional, Universidade Federal do Rio de Janeiro, Rio de Janeiro, Brazil",Tavares et al 2019b
Proechimys guyannensis,BRAZIL,AMAPÁ,Serra do Navio,MN,20331,"Museu Nacional, Universidade Federal do Rio de Janeiro, Rio de Janeiro, Brazil",Tavares et al 2019b
Proechimys guyannensis,BRAZIL,AMAPÁ,Serra do Navio,MN,20332,"Museu Nacional, Universidade Federal do Rio de Janeiro, Rio de Janeiro, Brazil",Tavares et al 2019b
Proechimys guyannensis,BRAZIL,AMAPÁ,Serra do Navio,MN,20333,"Museu Nacional, Universidade Federal do Rio de Janeiro, Rio de Janeiro, Brazil",Tavares et al 2019b
Proechimys guyannensis,BRAZIL,AMAPÁ,Serra do Navio,MN,20335,"Museu Nacional, Universidade Federal do Rio de Janeiro, Rio de Janeiro, Brazil",Tavares et al 2019b
Proechimys guyannensis,BRAZIL,AMAPÁ,Serra do Navio,MN,20336,"Museu Nacional, Universidade Federal do Rio de Janeiro, Rio de Janeiro, Brazil",Tavares et al 2019b
Proechimys guyannensis,BRAZIL,AMAPÁ,Serra do Navio,MN,20338,"Museu Nacional, Universidade Federal do Rio de Janeiro, Rio de Janeiro, Brazil",Tavares et al 2019b
Proechimys guyannensis,BRAZIL,AMAPÁ,Serra do Navio,MN,20340,"Museu Nacional, Universidade Federal do Rio de Janeiro, Rio de Janeiro, Brazil",Tavares et al 2019b
Proechimys guyannensis,BRAZIL,AMAPÁ,Serra do Navio,MN,20343,"Museu Nacional, Universidade Federal do Rio de Janeiro, Rio de Janeiro, Brazil",Tavares et al 2019b
Proechimys guyannensis,BRAZIL,AMAPÁ,Serra do Navio,MN,20344,"Museu Nacional, Universidade Federal do Rio de Janeiro, Rio de Janeiro, Brazil",Tavares et al 2019b
Proechimys guyannensis,BRAZIL,AMAPÁ,Serra do Navio,MN,20345,"Museu Nacional, Universidade Federal do Rio de Janeiro, Rio de Janeiro, Brazil",Tavares et al 2019b
Proechimys guyannensis,BRAZIL,AMAPÁ,Serra do Navio,MN,20346,"Museu Nacional, Universidade Federal do Rio de Janeiro, Rio de Janeiro, Brazil",Tavares et al 2019b
Proechimys guyannensis,BRAZIL,AMAPÁ,Serra do Navio,MN,20347,"Museu Nacional, Universidade Federal do Rio de Janeiro, Rio de Janeiro, Brazil",Tavares et al 2019b
Proechimys guyannensis,BRAZIL,AMAPÁ,Serra do Navio,MN,20348,"Museu Nacional, Universidade Federal do Rio de Janeiro, Rio de Janeiro, Brazil",Tavares et al 2019b
Proechimys guyannensis,BRAZIL,AMAPÁ,Serra do Navio,MN,20349,"Museu Nacional, Universidade Federal do Rio de Janeiro, Rio de Janeiro, Brazil",Tavares et al 2019b
Proechimys guyannensis,BRAZIL,AMAPÁ,Serra do Navio,MN,20350,"Museu Nacional, Universidade Federal do Rio de Janeiro, Rio de Janeiro, Brazil",Tavares et al 2019b
Proechimys guyannensis,BRAZIL,AMAPÁ,Serra do Navio,MN,20351,"Museu Nacional, Universidade Federal do Rio de Janeiro, Rio de Janeiro, Brazil",Tavares et al 2019b
Proechimys guyannensis,BRAZIL,AMAPÁ,Serra do Navio,MN,20352,"Museu Nacional, Universidade Federal do Rio de Janeiro, Rio de Janeiro, Brazil",Tavares et al 2019b
Proechimys guyannensis,BRAZIL,AMAPÁ,Serra do Navio,MN,20353,"Museu Nacional, Universidade Federal do Rio de Janeiro, Rio de Janeiro, Brazil",Tavares et al 2019b
Proechimys guyannensis,BRAZIL,AMAPÁ,Serra do Navio,MN,20354,"Museu Nacional, Universidade Federal do Rio de Janeiro, Rio de Janeiro, Brazil",Tavares et al 2019b
Proechimys guyannensis,BRAZIL,AMAPÁ,Serra do Navio,MN,20356,"Museu Nacional, Universidade Federal do Rio de Janeiro, Rio de Janeiro, Brazil",Tavares et al 2019b
Proechimys guyannensis,BRAZIL,AMAPÁ,Serra do Navio,MN,20357,"Museu Nacional, Universidade Federal do Rio de Janeiro, Rio de Janeiro, Brazil",Tavares et al 2019b
Proechimys guyannensis,BRAZIL,AMAPÁ,Serra do Navio,MN,20358,"Museu Nacional, Universidade Federal do Rio de Janeiro, Rio de Janeiro, Brazil",Tavares et al 2019b
Proechimys guyannensis,BRAZIL,AMAPÁ,Serra do Navio,MN,20359,"Museu Nacional, Universidade Federal do Rio de Janeiro, Rio de Janeiro, Brazil",Tavares et al 2019b
Proechimys guyannensis,BRAZIL,AMAPÁ,Serra do Navio,MN,20364,"Museu Nacional, Universidade Federal do Rio de Janeiro, Rio de Janeiro, Brazil",Tavares et al 2019b
Proechimys guyannensis,BRAZIL,AMAPÁ,Serra do Navio,MN,20381,"Museu Nacional, Universidade Federal do Rio de Janeiro, Rio de Janeiro, Brazil",Tavares et al 2019b
Proechimys guyannensis,BRAZIL,AMAPÁ,Serra do Navio,MN,20382,"Museu Nacional, Universidade Federal do Rio de Janeiro, Rio de Janeiro, Brazil",Tavares et al 2019b
Proechimys guyannensis,BRAZIL,AMAPÁ,Serra do Navio,MN,20421,"Museu Nacional, Universidade Federal do Rio de Janeiro, Rio de Janeiro, Brazil",Tavares et al 2019b
Proechimys guyannensis,BRAZIL,AMAPÁ,Serra do Navio,MN,20424,"Museu Nacional, Universidade Federal do Rio de Janeiro, Rio de Janeiro, Brazil",Tavares et al 2019b
Proechimys guyannensis,BRAZIL,AMAPÁ,Serra do Navio,MN,20429,"Museu Nacional, Universidade Federal do Rio de Janeiro, Rio de Janeiro, Brazil",Tavares et al 2019b
Proechimys guyannensis,BRAZIL,AMAPÁ,Serra do Navio,MN,20430,"Museu Nacional, Universidade Federal do Rio de Janeiro, Rio de Janeiro, Brazil",Tavares et al 2019b
Proechimys guyannensis,BRAZIL,AMAPÁ,Serra do Navio,MN,20435,"Museu Nacional, Universidade Federal do Rio de Janeiro, Rio de Janeiro, Brazil",Tavares et al 2019b
Proechimys guyannensis,BRAZIL,AMAPÁ,Serra do Navio,MN,20438,"Museu Nacional, Universidade Federal do Rio de Janeiro, Rio de Janeiro, Brazil",Tavares et al 2019b
Proechimys guyannensis,BRAZIL,AMAPÁ,Serra do Navio,MN,20441,"Museu Nacional, Universidade Federal do Rio de Janeiro, Rio de Janeiro, Brazil",Tavares et al 2019b
Proechimys guyannensis,BRAZIL,AMAPÁ,Serra do Navio,MN,20443,"Museu Nacional, Universidade Federal do Rio de Janeiro, Rio de Janeiro, Brazil",Tavares et al 2019b
Proechimys guyannensis,BRAZIL,AMAPÁ,Serra do Navio,MN,20447,"Museu Nacional, Universidade Federal do Rio de Janeiro, Rio de Janeiro, Brazil",Tavares et al 2019b
Thrichomys laurentius,BRAZIL,PERNAMBUCO,Bodocó,MN,5289,"Museu Nacional, Universidade Federal do Rio de Janeiro, Rio de Janeiro, Brazil",Tavares et al 2019b
Thrichomys laurentius,BRAZIL,PERNAMBUCO,Bodocó,MN,26816,"Museu Nacional, Universidade Federal do Rio de Janeiro, Rio de Janeiro, Brazil",Tavares et al 2019b
Thrichomys laurentius,BRAZIL,PERNAMBUCO,Bodocó,MN,26615,"Museu Nacional, Universidade Federal do Rio de Janeiro, Rio de Janeiro, Brazil",Tavares et al 2019b
Thrichomys laurentius,BRAZIL,PERNAMBUCO,Bodocó,MN,26523,"Museu Nacional, Universidade Federal do Rio de Janeiro, Rio de Janeiro, Brazil",Tavares et al 2019b
Thrichomys laurentius,BRAZIL,PERNAMBUCO,Bodocó,MN,26313,"Museu Nacional, Universidade Federal do Rio de Janeiro, Rio de Janeiro, Brazil",Tavares et al 2019b
Thrichomys laurentius,BRAZIL,PERNAMBUCO,Bodocó,MN,26308,"Museu Nacional, Universidade Federal do Rio de Janeiro, Rio de Janeiro, Brazil",Tavares et al 2019b
Thrichomys laurentius,BRAZIL,PERNAMBUCO,Bodocó,MN,26307,"Museu Nacional, Universidade Federal do Rio de Janeiro, Rio de Janeiro, Brazil",Tavares et al 2019b
Thrichomys laurentius,BRAZIL,PERNAMBUCO,Bodocó,MN,26306,"Museu Nacional, Universidade Federal do Rio de Janeiro, Rio de Janeiro, Brazil",Tavares et al 2019b
Thrichomys laurentius,BRAZIL,PERNAMBUCO,Bodocó,MN,26298,"Museu Nacional, Universidade Federal do Rio de Janeiro, Rio de Janeiro, Brazil",Tavares et al 2019b
Thrichomys laurentius,BRAZIL,PERNAMBUCO,Bodocó,MN,26296,"Museu Nacional, Universidade Federal do Rio de Janeiro, Rio de Janeiro, Brazil",Tavares et al 2019b
Thrichomys laurentius,BRAZIL,PERNAMBUCO,Bodocó,MN,26295,"Museu Nacional, Universidade Federal do Rio de Janeiro, Rio de Janeiro, Brazil",Tavares et al 2019b
Thrichomys laurentius,BRAZIL,PERNAMBUCO,Bodocó,MN,26293,"Museu Nacional, Universidade Federal do Rio de Janeiro, Rio de Janeiro, Brazil",Tavares et al 2019b
Thrichomys laurentius,BRAZIL,PERNAMBUCO,Bodocó,MN,26292,"Museu Nacional, Universidade Federal do Rio de Janeiro, Rio de Janeiro, Brazil",Tavares et al 2019b
Thrichomys laurentius,BRAZIL,PERNAMBUCO,Bodocó,MN,26265,"Museu Nacional, Universidade Federal do Rio de Janeiro, Rio de Janeiro, Brazil",Tavares et al 2019b
Thrichomys laurentius,BRAZIL,PERNAMBUCO,Bodocó,MN,26259,"Museu Nacional, Universidade Federal do Rio de Janeiro, Rio de Janeiro, Brazil",Tavares et al 2019b
Thrichomys laurentius,BRAZIL,PERNAMBUCO,Bodocó,MN,26257,"Museu Nacional, Universidade Federal do Rio de Janeiro, Rio de Janeiro, Brazil",Tavares et al 2019b
Thrichomys laurentius,BRAZIL,PERNAMBUCO,Bodocó,MN,26256,"Museu Nacional, Universidade Federal do Rio de Janeiro, Rio de Janeiro, Brazil",Tavares et al 2019b
Thrichomys laurentius,BRAZIL,PERNAMBUCO,Bodocó,MN,26255,"Museu Nacional, Universidade Federal do Rio de Janeiro, Rio de Janeiro, Brazil",Tavares et al 2019b
Thrichomys laurentius,BRAZIL,PERNAMBUCO,Bodocó,MN,26255,"Museu Nacional, Universidade Federal do Rio de Janeiro, Rio de Janeiro, Brazil",Tavares et al 2019b
Thrichomys laurentius,BRAZIL,PERNAMBUCO,Bodocó,MN,26254,"Museu Nacional, Universidade Federal do Rio de Janeiro, Rio de Janeiro, Brazil",Tavares et al 2019b
Thrichomys laurentius,BRAZIL,PERNAMBUCO,Bodocó,MN,26242,"Museu Nacional, Universidade Federal do Rio de Janeiro, Rio de Janeiro, Brazil",Tavares et al 2019b
Thrichomys laurentius,BRAZIL,PERNAMBUCO,Bodocó,MN,26241,"Museu Nacional, Universidade Federal do Rio de Janeiro, Rio de Janeiro, Brazil",Tavares et al 2019b
Thrichomys laurentius,BRAZIL,PERNAMBUCO,Bodocó,MN,26240,"Museu Nacional, Universidade Federal do Rio de Janeiro, Rio de Janeiro, Brazil",Tavares et al 2019b
Thrichomys laurentius,BRAZIL,PERNAMBUCO,Bodocó,MN,26239,"Museu Nacional, Universidade Federal do Rio de Janeiro, Rio de Janeiro, Brazil",Tavares et al 2019b
Thrichomys laurentius,BRAZIL,PERNAMBUCO,Bodocó,MN,26238,"Museu Nacional, Universidade Federal do Rio de Janeiro, Rio de Janeiro, Brazil",Tavares et al 2019b
Thrichomys laurentius,BRAZIL,PERNAMBUCO,Bodocó,MN,26237,"Museu Nacional, Universidade Federal do Rio de Janeiro, Rio de Janeiro, Brazil",Tavares et al 2019b
Thrichomys laurentius,BRAZIL,PERNAMBUCO,Bodocó,MN,26235,"Museu Nacional, Universidade Federal do Rio de Janeiro, Rio de Janeiro, Brazil",Tavares et al 2019b
Thrichomys laurentius,BRAZIL,PERNAMBUCO,Bodocó,MN,26234,"Museu Nacional, Universidade Federal do Rio de Janeiro, Rio de Janeiro, Brazil",Tavares et al 2019b
Thrichomys laurentius,BRAZIL,PERNAMBUCO,Bodocó,MN,26232,"Museu Nacional, Universidade Federal do Rio de Janeiro, Rio de Janeiro, Brazil",Tavares et al 2019b
Thrichomys laurentius,BRAZIL,PERNAMBUCO,Bodocó,MN,26219,"Museu Nacional, Universidade Federal do Rio de Janeiro, Rio de Janeiro, Brazil",Tavares et al 2019b
Thrichomys laurentius,BRAZIL,PERNAMBUCO,Bodocó,MN,26216,"Museu Nacional, Universidade Federal do Rio de Janeiro, Rio de Janeiro, Brazil",Tavares et al 2019b
Thrichomys laurentius,BRAZIL,PERNAMBUCO,Bodocó,MN,26214,"Museu Nacional, Universidade Federal do Rio de Janeiro, Rio de Janeiro, Brazil",Tavares et al 2019b
Thrichomys laurentius,BRAZIL,PERNAMBUCO,Bodocó,MN,26213,"Museu Nacional, Universidade Federal do Rio de Janeiro, Rio de Janeiro, Brazil",Tavares et al 2019b
Thrichomys laurentius,BRAZIL,PERNAMBUCO,Bodocó,MN,26210,"Museu Nacional, Universidade Federal do Rio de Janeiro, Rio de Janeiro, Brazil",Tavares et al 2019b
Thrichomys laurentius,BRAZIL,PERNAMBUCO,Bodocó,MN,26209,"Museu Nacional, Universidade Federal do Rio de Janeiro, Rio de Janeiro, Brazil",Tavares et al 2019b
Thrichomys laurentius,BRAZIL,PERNAMBUCO,Bodocó,MN,26207,"Museu Nacional, Universidade Federal do Rio de Janeiro, Rio de Janeiro, Brazil",Tavares et al 2019b
Thrichomys laurentius,BRAZIL,PERNAMBUCO,Bodocó,MN,26206,"Museu Nacional, Universidade Federal do Rio de Janeiro, Rio de Janeiro, Brazil",Tavares et al 2019b
Thrichomys laurentius,BRAZIL,PERNAMBUCO,Bodocó,MN,26197,"Museu Nacional, Universidade Federal do Rio de Janeiro, Rio de Janeiro, Brazil",Tavares et al 2019b
Thrichomys laurentius,BRAZIL,PERNAMBUCO,Bodocó,MN,26192,"Museu Nacional, Universidade Federal do Rio de Janeiro, Rio de Janeiro, Brazil",Tavares et al 2019b
Thrichomys laurentius,BRAZIL,PERNAMBUCO,Bodocó,MN,26191,"Museu Nacional, Universidade Federal do Rio de Janeiro, Rio de Janeiro, Brazil",Tavares et al 2019b
Thrichomys laurentius,BRAZIL,PERNAMBUCO,Bodocó,MN,26190,"Museu Nacional, Universidade Federal do Rio de Janeiro, Rio de Janeiro, Brazil",Tavares et al 2019b
Thrichomys laurentius,BRAZIL,PERNAMBUCO,Bodocó,MN,26189,"Museu Nacional, Universidade Federal do Rio de Janeiro, Rio de Janeiro, Brazil",Tavares et al 2019b
Thrichomys laurentius,BRAZIL,PERNAMBUCO,Bodocó,MN,26187,"Museu Nacional, Universidade Federal do Rio de Janeiro, Rio de Janeiro, Brazil",Tavares et al 2019b
Thrichomys laurentius,BRAZIL,PERNAMBUCO,Bodocó,MN,26185,"Museu Nacional, Universidade Federal do Rio de Janeiro, Rio de Janeiro, Brazil",Tavares et al 2019b
Thrichomys laurentius,BRAZIL,PERNAMBUCO,Bodocó,MN,26183,"Museu Nacional, Universidade Federal do Rio de Janeiro, Rio de Janeiro, Brazil",Tavares et al 2019b
Thrichomys laurentius,BRAZIL,PERNAMBUCO,Bodocó,MN,26182,"Museu Nacional, Universidade Federal do Rio de Janeiro, Rio de Janeiro, Brazil",Tavares et al 2019b
Thrichomys laurentius,BRAZIL,PERNAMBUCO,Bodocó,MN,26178,"Museu Nacional, Universidade Federal do Rio de Janeiro, Rio de Janeiro, Brazil",Tavares et al 2019b
Thrichomys laurentius,BRAZIL,PERNAMBUCO,Bodocó,MN,26168,"Museu Nacional, Universidade Federal do Rio de Janeiro, Rio de Janeiro, Brazil",Tavares et al 2019b
Thrichomys laurentius,BRAZIL,PERNAMBUCO,Bodocó,MN,26162,"Museu Nacional, Universidade Federal do Rio de Janeiro, Rio de Janeiro, Brazil",Tavares et al 2019b
Thrichomys laurentius,BRAZIL,PERNAMBUCO,Bodocó,MN,26160,"Museu Nacional, Universidade Federal do Rio de Janeiro, Rio de Janeiro, Brazil",Tavares et al 2019b
Thrichomys laurentius,BRAZIL,PERNAMBUCO,Bodocó,MN,26157,"Museu Nacional, Universidade Federal do Rio de Janeiro, Rio de Janeiro, Brazil",Tavares et al 2019b
Thrichomys laurentius,BRAZIL,PERNAMBUCO,Bodocó,MN,26156,"Museu Nacional, Universidade Federal do Rio de Janeiro, Rio de Janeiro, Brazil",Tavares et al 2019b
Thrichomys laurentius,BRAZIL,PERNAMBUCO,Bodocó,MN,26153,"Museu Nacional, Universidade Federal do Rio de Janeiro, Rio de Janeiro, Brazil",Tavares et al 2019b
Thrichomys laurentius,BRAZIL,PERNAMBUCO,Bodocó,MN,26152,"Museu Nacional, Universidade Federal do Rio de Janeiro, Rio de Janeiro, Brazil",Tavares et al 2019b
Thrichomys laurentius,BRAZIL,PERNAMBUCO,Bodocó,MN,26150,"Museu Nacional, Universidade Federal do Rio de Janeiro, Rio de Janeiro, Brazil",Tavares et al 2019b
Thrichomys laurentius,BRAZIL,PERNAMBUCO,Bodocó,MN,26148,"Museu Nacional, Universidade Federal do Rio de Janeiro, Rio de Janeiro, Brazil",Tavares et al 2019b
Thrichomys laurentius,BRAZIL,PERNAMBUCO,Bodocó,MN,26147,"Museu Nacional, Universidade Federal do Rio de Janeiro, Rio de Janeiro, Brazil",Tavares et al 2019b
Thrichomys laurentius,BRAZIL,PERNAMBUCO,Bodocó,MN,26146,"Museu Nacional, Universidade Federal do Rio de Janeiro, Rio de Janeiro, Brazil",Tavares et al 2019b
Thrichomys laurentius,BRAZIL,PERNAMBUCO,Bodocó,MN,26145,"Museu Nacional, Universidade Federal do Rio de Janeiro, Rio de Janeiro, Brazil",Tavares et al 2019b
Thrichomys laurentius,BRAZIL,PERNAMBUCO,Bodocó,MN,26088,"Museu Nacional, Universidade Federal do Rio de Janeiro, Rio de Janeiro, Brazil",Tavares et al 2019b
Thrichomys laurentius,BRAZIL,PERNAMBUCO,Bodocó,MN,26087,"Museu Nacional, Universidade Federal do Rio de Janeiro, Rio de Janeiro, Brazil",Tavares et al 2019b
Thrichomys laurentius,BRAZIL,PERNAMBUCO,Bodocó,MN,26086,"Museu Nacional, Universidade Federal do Rio de Janeiro, Rio de Janeiro, Brazil",Tavares et al 2019b
Thrichomys laurentius,BRAZIL,PERNAMBUCO,Bodocó,MN,26085,"Museu Nacional, Universidade Federal do Rio de Janeiro, Rio de Janeiro, Brazil",Tavares et al 2019b
Thrichomys laurentius,BRAZIL,PERNAMBUCO,Bodocó,MN,26084,"Museu Nacional, Universidade Federal do Rio de Janeiro, Rio de Janeiro, Brazil",Tavares et al 2019b
Thrichomys laurentius,BRAZIL,PERNAMBUCO,Bodocó,MN,26083,"Museu Nacional, Universidade Federal do Rio de Janeiro, Rio de Janeiro, Brazil",Tavares et al 2019b
Thrichomys laurentius,BRAZIL,PERNAMBUCO,Bodocó,MN,26082,"Museu Nacional, Universidade Federal do Rio de Janeiro, Rio de Janeiro, Brazil",Tavares et al 2019b
Thrichomys laurentius,BRAZIL,PERNAMBUCO,Bodocó,MN,26081,"Museu Nacional, Universidade Federal do Rio de Janeiro, Rio de Janeiro, Brazil",Tavares et al 2019b
Thrichomys laurentius,BRAZIL,PERNAMBUCO,Bodocó,MN,26037,"Museu Nacional, Universidade Federal do Rio de Janeiro, Rio de Janeiro, Brazil",Tavares et al 2019b
Thrichomys laurentius,BRAZIL,PERNAMBUCO,Bodocó,MN,26036,"Museu Nacional, Universidade Federal do Rio de Janeiro, Rio de Janeiro, Brazil",Tavares et al 2019b
Thrichomys laurentius,BRAZIL,PERNAMBUCO,Bodocó,MN,26035,"Museu Nacional, Universidade Federal do Rio de Janeiro, Rio de Janeiro, Brazil",Tavares et al 2019b
Thrichomys laurentius,BRAZIL,PERNAMBUCO,Bodocó,CR,992,"Museu Nacional, Universidade Federal do Rio de Janeiro, Rio de Janeiro, Brazil",Tavares et al 2019b
Thrichomys laurentius,BRAZIL,PERNAMBUCO,Bodocó,CR,988,"Museu Nacional, Universidade Federal do Rio de Janeiro, Rio de Janeiro, Brazil",Tavares et al 2019b
Thrichomys laurentius,BRAZIL,PERNAMBUCO,Bodocó,CR,2784,"Museu Nacional, Universidade Federal do Rio de Janeiro, Rio de Janeiro, Brazil",Tavares et al 2019b
Thrichomys laurentius,BRAZIL,PERNAMBUCO,Bodocó,CR,1422,"Museu Nacional, Universidade Federal do Rio de Janeiro, Rio de Janeiro, Brazil",Tavares et al 2019b
Thrichomys laurentius,BRAZIL,PERNAMBUCO,Bodocó,CR,1404,"Museu Nacional, Universidade Federal do Rio de Janeiro, Rio de Janeiro, Brazil",Tavares et al 2019b
Thrichomys laurentius,BRAZIL,PERNAMBUCO,Bodocó,CR,1250,"Museu Nacional, Universidade Federal do Rio de Janeiro, Rio de Janeiro, Brazil",Tavares et al 2019b
