sp,museumAbbr,specimen,Family,museumName,study
†Actenomys priscus,MLP,46-VI-27-6,Ctenomyidae,"Museo de La Plata, Argentina",Verzi 2008
†Actenomys priscus,MLP,48-XII-16-210,Ctenomyidae,"Museo de La Plata, Argentina",Verzi 2008
†Actenomys priscus,MLP,51-VI-11-5,Ctenomyidae,"Museo de La Plata, Argentina",Verzi 2008
†Actenomys priscus,MLP,51-VI-11-10,Ctenomyidae,"Museo de La Plata, Argentina",Verzi 2008
†Actenomys priscus,MLP,52-X-4-50,Ctenomyidae,"Museo de La Plata, Argentina",Verzi 2008
†Actenomys priscus,MLP,52-IX-6-48,Ctenomyidae,"Museo de La Plata, Argentina",Verzi 2008
†Actenomys priscus,MLP,57-V-1-17,Ctenomyidae,"Museo de La Plata, Argentina",Verzi 2008
†Actenomys priscus,MLP,57-VIII-3-19,Ctenomyidae,"Museo de La Plata, Argentina",Verzi 2008
†Actenomys priscus,MLP,57-VII-23-17,Ctenomyidae,"Museo de La Plata, Argentina",Verzi 2008
†Actenomys priscus,MLP,57-VII-23-18,Ctenomyidae,"Museo de La Plata, Argentina",Verzi 2008
†Actenomys priscus,MLP,60-VII-29-12,Ctenomyidae,"Museo de La Plata, Argentina",Verzi 2008
†Actenomys priscus,MLP,62-VII-27-8,Ctenomyidae,"Museo de La Plata, Argentina",Verzi 2008
†Actenomys priscus,MLP,62-VII-27-27,Ctenomyidae,"Museo de La Plata, Argentina",Verzi 2008
†Actenomys priscus,MLP,62-VII-27-57,Ctenomyidae,"Museo de La Plata, Argentina",Verzi 2008
†Actenomys priscus,MLP,63-VI-10-7,Ctenomyidae,"Museo de La Plata, Argentina",Verzi 2008
†Actenomys priscus,MLP,63-VI-10-33,Ctenomyidae,"Museo de La Plata, Argentina",Verzi 2008
†Actenomys priscus,MLP,63-VI-10-36,Ctenomyidae,"Museo de La Plata, Argentina",Verzi 2008
†Actenomys priscus,MLP,66-IV-26-2,Ctenomyidae,"Museo de La Plata, Argentina",Verzi 2008
†Actenomys priscus,MLP,66-IV-26-3,Ctenomyidae,"Museo de La Plata, Argentina",Verzi 2008
†Actenomys priscus,MLP,66-IV-26-4,Ctenomyidae,"Museo de La Plata, Argentina",Verzi 2008
†Actenomys priscus,MLP,71-II-11-15,Ctenomyidae,"Museo de La Plata, Argentina",Verzi 2008
†Actenomys priscus,MLP,71-XII-11-15,Ctenomyidae,"Museo de La Plata, Argentina",Verzi 2008
†Actenomys priscus,MLP,86-VI-20-5,Ctenomyidae,"Museo de La Plata, Argentina",Verzi 2008
†Actenomys priscus,MLP,86-VI-20-8,Ctenomyidae,"Museo de La Plata, Argentina",Verzi 2008
†Actenomys priscus,MLP,86-VI-20-10,Ctenomyidae,"Museo de La Plata, Argentina",Verzi 2008
†Actenomys priscus,MLP,87-V-20-1,Ctenomyidae,"Museo de La Plata, Argentina",Verzi 2008
†Actenomys priscus,MLP,87-V-20-14,Ctenomyidae,"Museo de La Plata, Argentina",Verzi 2008
†Actenomys priscus,MLP,89-XII-15-5,Ctenomyidae,"Museo de La Plata, Argentina",Verzi 2008
†Actenomys priscus,MLP,89-XII-15-6(1),Ctenomyidae,"Museo de La Plata, Argentina",Verzi 2008
†Actenomys priscus,MLP,89-XII-15-6(2),Ctenomyidae,"Museo de La Plata, Argentina",Verzi 2008
†Actenomys priscus,MLP,89-XII-15-7,Ctenomyidae,"Museo de La Plata, Argentina",Verzi 2008
†Actenomys priscus,MLP,89-XII-15-14,Ctenomyidae,"Museo de La Plata, Argentina",Verzi 2008
†Actenomys priscus,MLP,89-XII-15-16,Ctenomyidae,"Museo de La Plata, Argentina",Verzi 2008
†Actenomys priscus,MLP,89-XII-15-19,Ctenomyidae,"Museo de La Plata, Argentina",Verzi 2008
†Actenomys priscus,MLP,89-XII-15-33,Ctenomyidae,"Museo de La Plata, Argentina",Verzi 2008
†Actenomys priscus,MLP,91-II-20-5,Ctenomyidae,"Museo de La Plata, Argentina",Verzi 2008
†Actenomys priscus,MLP,91-III-1-17,Ctenomyidae,"Museo de La Plata, Argentina",Verzi 2008
†Actenomys priscus,MLP,91-III-1-47,Ctenomyidae,"Museo de La Plata, Argentina",Verzi 2008
†Actenomys priscus,MLP,91-III-1-72,Ctenomyidae,"Museo de La Plata, Argentina",Verzi 2008
†Actenomys priscus,MLP,91-III-1-97,Ctenomyidae,"Museo de La Plata, Argentina",Verzi 2008
†Actenomys priscus,MLP,91-IV-1-17,Ctenomyidae,"Museo de La Plata, Argentina",Verzi 2008
†Actenomys priscus,MLP,91-IV-1-41,Ctenomyidae,"Museo de La Plata, Argentina",Verzi 2008
†Actenomys priscus,MLP,91-IV-5-22,Ctenomyidae,"Museo de La Plata, Argentina",Verzi 2008
†Actenomys priscus,MLP,91-IV-5-195,Ctenomyidae,"Museo de La Plata, Argentina",Verzi 2008
†Actenomys priscus,MLP,91-IV-5-220,Ctenomyidae,"Museo de La Plata, Argentina",Verzi 2008
†Actenomys priscus,MLP,91-IV-5-202,Ctenomyidae,"Museo de La Plata, Argentina",Verzi 2008
†Actenomys priscus,MLP,91-IV-5-203,Ctenomyidae,"Museo de La Plata, Argentina",Verzi 2008
†Actenomys priscus,MLP,91-IV-5-204,Ctenomyidae,"Museo de La Plata, Argentina",Verzi 2008
†Actenomys priscus,MLP,91-IV-5-207,Ctenomyidae,"Museo de La Plata, Argentina",Verzi 2008
†Actenomys priscus,MLP,91-IV-5-211,Ctenomyidae,"Museo de La Plata, Argentina",Verzi 2008
†Actenomys priscus,MLP,91-IV-5-245,Ctenomyidae,"Museo de La Plata, Argentina",Verzi 2008
†Actenomys priscus,MLP,91-IV-5-255,Ctenomyidae,"Museo de La Plata, Argentina",Verzi 2008
†Actenomys priscus,MLP,91-IV-5-257,Ctenomyidae,"Museo de La Plata, Argentina",Verzi 2008
†Actenomys priscus,MLP,91-IV-5-272,Ctenomyidae,"Museo de La Plata, Argentina",Verzi 2008
†Actenomys priscus,MLP,91-IV-5-273,Ctenomyidae,"Museo de La Plata, Argentina",Verzi 2008
†Actenomys priscus,MLP,91-IV-5-286,Ctenomyidae,"Museo de La Plata, Argentina",Verzi 2008
†Actenomys priscus,MLP,91-IV-6-19,Ctenomyidae,"Museo de La Plata, Argentina",Verzi 2008
†Actenomys priscus,MLP,91-IV-6-20,Ctenomyidae,"Museo de La Plata, Argentina",Verzi 2008
†Actenomys priscus,MLP,91-IV-6-27,Ctenomyidae,"Museo de La Plata, Argentina",Verzi 2008
†Actenomys priscus,MLP,91-IV-6-52,Ctenomyidae,"Museo de La Plata, Argentina",Verzi 2008
†Actenomys priscus,MLP,91-IV-6-53,Ctenomyidae,"Museo de La Plata, Argentina",Verzi 2008
†Actenomys priscus,MLP,91-IV-6-59,Ctenomyidae,"Museo de La Plata, Argentina",Verzi 2008
†Actenomys priscus,MLP,91-IV-6-61,Ctenomyidae,"Museo de La Plata, Argentina",Verzi 2008
†Actenomys priscus,MLP,91-IV-6-62,Ctenomyidae,"Museo de La Plata, Argentina",Verzi 2008
†Actenomys priscus,MLP,91-IV-6-63,Ctenomyidae,"Museo de La Plata, Argentina",Verzi 2008
†Actenomys priscus,MLP,91-IV-6-64,Ctenomyidae,"Museo de La Plata, Argentina",Verzi 2008
†Actenomys priscus,MLP,91-IV-6-65a,Ctenomyidae,"Museo de La Plata, Argentina",Verzi 2008
†Actenomys priscus,MLP,91-IV-6-65ab,Ctenomyidae,"Museo de La Plata, Argentina",Verzi 2008
†Actenomys priscus,MLP,91-IV-5-262,Ctenomyidae,"Museo de La Plata, Argentina",Verzi 2008
†Actenomys priscus,MLP,92-XI-10-1,Ctenomyidae,"Museo de La Plata, Argentina",Verzi 2008
†Actenomys priscus,MLP,93-I-1-26,Ctenomyidae,"Museo de La Plata, Argentina",Verzi 2008
†Actenomys priscus,MLP,94-II-1-111,Ctenomyidae,"Museo de La Plata, Argentina",Verzi 2008
†Actenomys priscus,MLP,94-II-1-131,Ctenomyidae,"Museo de La Plata, Argentina",Verzi 2008
†Actenomys priscus,MLP,94-II-1-140,Ctenomyidae,"Museo de La Plata, Argentina",Verzi 2008
†Actenomys priscus,MLP,94-II-1-142,Ctenomyidae,"Museo de La Plata, Argentina",Verzi 2008
†Actenomys priscus,MLP,94-II-1-144,Ctenomyidae,"Museo de La Plata, Argentina",Verzi 2008
†Actenomys priscus,MLP,94-II-1-147,Ctenomyidae,"Museo de La Plata, Argentina",Verzi 2008
†Actenomys priscus,MLP,95-IX-4-20,Ctenomyidae,"Museo de La Plata, Argentina",Verzi 2008
†Actenomys priscus,MLP,97-IV-1-12,Ctenomyidae,"Museo de La Plata, Argentina",Verzi 2008
†Actenomys priscus,MLP,99-X-1-16,Ctenomyidae,"Museo de La Plata, Argentina",Verzi 2008
†Actenomys priscus,MLP,99-X-1-1,Ctenomyidae,"Museo de La Plata, Argentina",Verzi 2008
†Actenomys priscus,MLP,99-X-1-16,Ctenomyidae,"Museo de La Plata, Argentina",Verzi 2008
†Actenomys priscus,MLP,field_H-1,Ctenomyidae,"Museo de La Plata, Argentina",Verzi 2008
†Actenomys priscus,MLP,field_H-150,Ctenomyidae,"Museo de La Plata, Argentina",Verzi 2008
†Actenomys priscus,MLP,field_H-53,Ctenomyidae,"Museo de La Plata, Argentina",Verzi 2008
†Actenomys priscus,MLP,D-51,Ctenomyidae,"Museo de La Plata, Argentina",Verzi 2008
†Actenomys priscus,MLP,P-269,Ctenomyidae,"Museo de La Plata, Argentina",Verzi 2008
†Actenomys priscus,MMP,115-S,Ctenomyidae,"Museo Municipal de Mar del Plata, Argentina",Verzi 2008
†Actenomys priscus,MMP,147-S,Ctenomyidae,"Museo Municipal de Mar del Plata, Argentina",Verzi 2008
†Actenomys priscus,MMP,193-S,Ctenomyidae,"Museo Municipal de Mar del Plata, Argentina",Verzi 2008
†Actenomys priscus,MMP,208-S,Ctenomyidae,"Museo Municipal de Mar del Plata, Argentina",Verzi 2008
†Actenomys priscus,MMP,211-S,Ctenomyidae,"Museo Municipal de Mar del Plata, Argentina",Verzi 2008
†Actenomys priscus,MMP,330-M,Ctenomyidae,"Museo Municipal de Mar del Plata, Argentina",Verzi 2008
†Actenomys priscus,MMP,337-S,Ctenomyidae,"Museo Municipal de Mar del Plata, Argentina",Verzi 2008
†Actenomys priscus,MMP,240-S,Ctenomyidae,"Museo Municipal de Mar del Plata, Argentina",Verzi 2008
†Actenomys priscus,MMP,243-S,Ctenomyidae,"Museo Municipal de Mar del Plata, Argentina",Verzi 2008
†Actenomys priscus,MMP,246-S,Ctenomyidae,"Museo Municipal de Mar del Plata, Argentina",Verzi 2008
†Actenomys priscus,MMP,347-S,Ctenomyidae,"Museo Municipal de Mar del Plata, Argentina",Verzi 2008
†Actenomys priscus,MMP,348-S,Ctenomyidae,"Museo Municipal de Mar del Plata, Argentina",Verzi 2008
†Actenomys priscus,MMP,351-S,Ctenomyidae,"Museo Municipal de Mar del Plata, Argentina",Verzi 2008
†Actenomys priscus,MMP,363-S,Ctenomyidae,"Museo Municipal de Mar del Plata, Argentina",Verzi 2008
†Actenomys priscus,MMP,364-S,Ctenomyidae,"Museo Municipal de Mar del Plata, Argentina",Verzi 2008
†Actenomys priscus,MMP,367-S,Ctenomyidae,"Museo Municipal de Mar del Plata, Argentina",Verzi 2008
†Actenomys priscus,MMP,368-S,Ctenomyidae,"Museo Municipal de Mar del Plata, Argentina",Verzi 2008
†Actenomys priscus,MMP,371-S,Ctenomyidae,"Museo Municipal de Mar del Plata, Argentina",Verzi 2008
†Actenomys priscus,MMP,372-S,Ctenomyidae,"Museo Municipal de Mar del Plata, Argentina",Verzi 2008
†Actenomys priscus,MMP,373-S,Ctenomyidae,"Museo Municipal de Mar del Plata, Argentina",Verzi 2008
†Actenomys priscus,MMP,385-S,Ctenomyidae,"Museo Municipal de Mar del Plata, Argentina",Verzi 2008
†Actenomys priscus,MMP,391-S,Ctenomyidae,"Museo Municipal de Mar del Plata, Argentina",Verzi 2008
†Actenomys priscus,MMP,395-S,Ctenomyidae,"Museo Municipal de Mar del Plata, Argentina",Verzi 2008
†Actenomys priscus,MMP,396-S,Ctenomyidae,"Museo Municipal de Mar del Plata, Argentina",Verzi 2008
†Actenomys priscus,MMP,464-S,Ctenomyidae,"Museo Municipal de Mar del Plata, Argentina",Verzi 2008
†Actenomys priscus,MMP,474-S,Ctenomyidae,"Museo Municipal de Mar del Plata, Argentina",Verzi 2008
†Actenomys priscus,MMP,493-S,Ctenomyidae,"Museo Municipal de Mar del Plata, Argentina",Verzi 2008
†Actenomys priscus,MMP,532-S,Ctenomyidae,"Museo Municipal de Mar del Plata, Argentina",Verzi 2008
†Actenomys priscus,MMP,569-S,Ctenomyidae,"Museo Municipal de Mar del Plata, Argentina",Verzi 2008
†Actenomys priscus,MMP,579-S,Ctenomyidae,"Museo Municipal de Mar del Plata, Argentina",Verzi 2008
†Actenomys priscus,MMP,581-S,Ctenomyidae,"Museo Municipal de Mar del Plata, Argentina",Verzi 2008
†Actenomys priscus,MMP,582-S,Ctenomyidae,"Museo Municipal de Mar del Plata, Argentina",Verzi 2008
†Actenomys priscus,MMP,605-M,Ctenomyidae,"Museo Municipal de Mar del Plata, Argentina",Verzi 2008
†Actenomys priscus,MMP,620-S,Ctenomyidae,"Museo Municipal de Mar del Plata, Argentina",Verzi 2008
†Actenomys priscus,MMP,699-S,Ctenomyidae,"Museo Municipal de Mar del Plata, Argentina",Verzi 2008
†Actenomys priscus,MMP,703-S,Ctenomyidae,"Museo Municipal de Mar del Plata, Argentina",Verzi 2008
†Actenomys priscus,MMP,715-S,Ctenomyidae,"Museo Municipal de Mar del Plata, Argentina",Verzi 2008
†Actenomys priscus,MMP,716-S,Ctenomyidae,"Museo Municipal de Mar del Plata, Argentina",Verzi 2008
†Actenomys priscus,MMP,717-S,Ctenomyidae,"Museo Municipal de Mar del Plata, Argentina",Verzi 2008
†Actenomys priscus,MMP,718-S,Ctenomyidae,"Museo Municipal de Mar del Plata, Argentina",Verzi 2008
†Actenomys priscus,MMP,719-S,Ctenomyidae,"Museo Municipal de Mar del Plata, Argentina",Verzi 2008
†Actenomys priscus,MMP,720-S,Ctenomyidae,"Museo Municipal de Mar del Plata, Argentina",Verzi 2008
†Actenomys priscus,MMP,750-S,Ctenomyidae,"Museo Municipal de Mar del Plata, Argentina",Verzi 2008
†Actenomys priscus,MMP,758-S,Ctenomyidae,"Museo Municipal de Mar del Plata, Argentina",Verzi 2008
†Actenomys priscus,MMP,766-S,Ctenomyidae,"Museo Municipal de Mar del Plata, Argentina",Verzi 2008
†Actenomys priscus,MMP,767-S,Ctenomyidae,"Museo Municipal de Mar del Plata, Argentina",Verzi 2008
†Actenomys priscus,MMP,799-S,Ctenomyidae,"Museo Municipal de Mar del Plata, Argentina",Verzi 2008
†Actenomys priscus,MMP,808-S,Ctenomyidae,"Museo Municipal de Mar del Plata, Argentina",Verzi 2008
†Actenomys priscus,MMP,360-M,Ctenomyidae,"Museo Municipal de Mar del Plata, Argentina",Verzi 2008
†Actenomys priscus,MMP,411-M,Ctenomyidae,"Museo Municipal de Mar del Plata, Argentina",Verzi 2008
†Actenomys priscus,MMP,417-M,Ctenomyidae,"Museo Municipal de Mar del Plata, Argentina",Verzi 2008
†Actenomys priscus,MMP,418-M,Ctenomyidae,"Museo Municipal de Mar del Plata, Argentina",Verzi 2008
†Actenomys priscus,MMP,419-M,Ctenomyidae,"Museo Municipal de Mar del Plata, Argentina",Verzi 2008
†Actenomys priscus,MMP,420-M,Ctenomyidae,"Museo Municipal de Mar del Plata, Argentina",Verzi 2008
†Actenomys priscus,MMP,426-M,Ctenomyidae,"Museo Municipal de Mar del Plata, Argentina",Verzi 2008
†Actenomys priscus,MMP,497-M,Ctenomyidae,"Museo Municipal de Mar del Plata, Argentina",Verzi 2008
†Actenomys priscus,MMP,498-M,Ctenomyidae,"Museo Municipal de Mar del Plata, Argentina",Verzi 2008
†Actenomys priscus,MMP,516-M,Ctenomyidae,"Museo Municipal de Mar del Plata, Argentina",Verzi 2008
†Actenomys priscus,MMP,517-M,Ctenomyidae,"Museo Municipal de Mar del Plata, Argentina",Verzi 2008
†Actenomys priscus,MMP,648-M,Ctenomyidae,"Museo Municipal de Mar del Plata, Argentina",Verzi 2008
†Actenomys priscus,MMP,769-M,Ctenomyidae,"Museo Municipal de Mar del Plata, Argentina",Verzi 2008
†Actenomys priscus,MMP,778-M,Ctenomyidae,"Museo Municipal de Mar del Plata, Argentina",Verzi 2008
†Actenomys priscus,MMP,780-M,Ctenomyidae,"Museo Municipal de Mar del Plata, Argentina",Verzi 2008
†Actenomys priscus,MMP,783-M,Ctenomyidae,"Museo Municipal de Mar del Plata, Argentina",Verzi 2008
†Actenomys priscus,MMP,784-M,Ctenomyidae,"Museo Municipal de Mar del Plata, Argentina",Verzi 2008
†Actenomys priscus,MMP,786-M,Ctenomyidae,"Museo Municipal de Mar del Plata, Argentina",Verzi 2008
†Actenomys priscus,MMP,787-M,Ctenomyidae,"Museo Municipal de Mar del Plata, Argentina",Verzi 2008
†Actenomys priscus,MMP,782-M,Ctenomyidae,"Museo Municipal de Mar del Plata, Argentina",Verzi 2008
†Actenomys priscus,MMP,792-M,Ctenomyidae,"Museo Municipal de Mar del Plata, Argentina",Verzi 2008
†Actenomys priscus,MMP,793-M,Ctenomyidae,"Museo Municipal de Mar del Plata, Argentina",Verzi 2008
†Actenomys priscus,MMP,794-M,Ctenomyidae,"Museo Municipal de Mar del Plata, Argentina",Verzi 2008
†Actenomys priscus,MMP,803-M,Ctenomyidae,"Museo Municipal de Mar del Plata, Argentina",Verzi 2008
†Actenomys priscus,MMP,804-M,Ctenomyidae,"Museo Municipal de Mar del Plata, Argentina",Verzi 2008
†Actenomys priscus,MMP,805-M,Ctenomyidae,"Museo Municipal de Mar del Plata, Argentina",Verzi 2008
†Actenomys priscus,MMP,829-M,Ctenomyidae,"Museo Municipal de Mar del Plata, Argentina",Verzi 2008
†Actenomys priscus,MMP,831-M,Ctenomyidae,"Museo Municipal de Mar del Plata, Argentina",Verzi 2008
†Actenomys priscus,MMP,849-M,Ctenomyidae,"Museo Municipal de Mar del Plata, Argentina",Verzi 2008
†Actenomys priscus,MMP,859-M,Ctenomyidae,"Museo Municipal de Mar del Plata, Argentina",Verzi 2008
†Actenomys priscus,MMP,884-M,Ctenomyidae,"Museo Municipal de Mar del Plata, Argentina",Verzi 2008
†Actenomys priscus,MMP,893-M,Ctenomyidae,"Museo Municipal de Mar del Plata, Argentina",Verzi 2008
†Actenomys priscus,MMP,895-M,Ctenomyidae,"Museo Municipal de Mar del Plata, Argentina",Verzi 2008
†Actenomys priscus,MMP,1121-M,Ctenomyidae,"Museo Municipal de Mar del Plata, Argentina",Verzi 2008
†Actenomys priscus,MMP,1134-M,Ctenomyidae,"Museo Municipal de Mar del Plata, Argentina",Verzi 2008
†Actenomys priscus,MMP,1136-M,Ctenomyidae,"Museo Municipal de Mar del Plata, Argentina",Verzi 2008
†Actenomys priscus,MMP,1210-M,Ctenomyidae,"Museo Municipal de Mar del Plata, Argentina",Verzi 2008
†Actenomys priscus,MMP,1211-M,Ctenomyidae,"Museo Municipal de Mar del Plata, Argentina",Verzi 2008
†Actenomys priscus,MMP,1217-M,Ctenomyidae,"Museo Municipal de Mar del Plata, Argentina",Verzi 2008
†Actenomys priscus,MMP,1224-M,Ctenomyidae,"Museo Municipal de Mar del Plata, Argentina",Verzi 2008
†Actenomys priscus,MMP,1240-M,Ctenomyidae,"Museo Municipal de Mar del Plata, Argentina",Verzi 2008
†Actenomys priscus,MMP,1250-M,Ctenomyidae,"Museo Municipal de Mar del Plata, Argentina",Verzi 2008
†Actenomys priscus,MMP,1241-M,Ctenomyidae,"Museo Municipal de Mar del Plata, Argentina",Verzi 2008
†Actenomys priscus,MMP,1242-M,Ctenomyidae,"Museo Municipal de Mar del Plata, Argentina",Verzi 2008
†Actenomys priscus,MMP,1242-M,Ctenomyidae,"Museo Municipal de Mar del Plata, Argentina",Verzi 2008
†Actenomys priscus,MMP,1250-M,Ctenomyidae,"Museo Municipal de Mar del Plata, Argentina",Verzi 2008
†Actenomys priscus,MMP,1251-M,Ctenomyidae,"Museo Municipal de Mar del Plata, Argentina",Verzi 2008
†Actenomys priscus,MMP,1252-M,Ctenomyidae,"Museo Municipal de Mar del Plata, Argentina",Verzi 2008
†Actenomys priscus,MMP,1266-M,Ctenomyidae,"Museo Municipal de Mar del Plata, Argentina",Verzi 2008
†Actenomys priscus,MMP,1355-M,Ctenomyidae,"Museo Municipal de Mar del Plata, Argentina",Verzi 2008
†Actenomys priscus,MMP,1382-M,Ctenomyidae,"Museo Municipal de Mar del Plata, Argentina",Verzi 2008
†Actenomys priscus,MMP,1383-M,Ctenomyidae,"Museo Municipal de Mar del Plata, Argentina",Verzi 2008
†Actenomys priscus,MMP,1483-M,Ctenomyidae,"Museo Municipal de Mar del Plata, Argentina",Verzi 2008
†Actenomys priscus,MMP,1550-M,Ctenomyidae,"Museo Municipal de Mar del Plata, Argentina",Verzi 2008
†Actenomys priscus,MMP,1551-M,Ctenomyidae,"Museo Municipal de Mar del Plata, Argentina",Verzi 2008
†Actenomys priscus,MMP,1552-M,Ctenomyidae,"Museo Municipal de Mar del Plata, Argentina",Verzi 2008
†Actenomys priscus,MMP,1556-M,Ctenomyidae,"Museo Municipal de Mar del Plata, Argentina",Verzi 2008
†Actenomys priscus,MMP,1557-M,Ctenomyidae,"Museo Municipal de Mar del Plata, Argentina",Verzi 2008
†Actenomys priscus,MMP,1559-M,Ctenomyidae,"Museo Municipal de Mar del Plata, Argentina",Verzi 2008
†Actenomys priscus,MMP,1560-M,Ctenomyidae,"Museo Municipal de Mar del Plata, Argentina",Verzi 2008
†Actenomys priscus,MMP,1561-M,Ctenomyidae,"Museo Municipal de Mar del Plata, Argentina",Verzi 2008
†Actenomys priscus,MMP,1562-M,Ctenomyidae,"Museo Municipal de Mar del Plata, Argentina",Verzi 2008
†Actenomys priscus,MMP,1563-M,Ctenomyidae,"Museo Municipal de Mar del Plata, Argentina",Verzi 2008
†Actenomys priscus,MMP,1564-M,Ctenomyidae,"Museo Municipal de Mar del Plata, Argentina",Verzi 2008
†Actenomys priscus,MMP,1565-M,Ctenomyidae,"Museo Municipal de Mar del Plata, Argentina",Verzi 2008
†Actenomys priscus,MMP,1566-M,Ctenomyidae,"Museo Municipal de Mar del Plata, Argentina",Verzi 2008
†Actenomys priscus,MMP,1567-M,Ctenomyidae,"Museo Municipal de Mar del Plata, Argentina",Verzi 2008
†Actenomys priscus,MMP,1568-M,Ctenomyidae,"Museo Municipal de Mar del Plata, Argentina",Verzi 2008
†Actenomys priscus,MMP,1641-M,Ctenomyidae,"Museo Municipal de Mar del Plata, Argentina",Verzi 2008
†Actenomys priscus,MMP,1642-M,Ctenomyidae,"Museo Municipal de Mar del Plata, Argentina",Verzi 2008
†Actenomys priscus,MMP,1643-M,Ctenomyidae,"Museo Municipal de Mar del Plata, Argentina",Verzi 2008
†Actenomys priscus,MMP,1644-M,Ctenomyidae,"Museo Municipal de Mar del Plata, Argentina",Verzi 2008
†Actenomys priscus,MMP,1484-M,Ctenomyidae,"Museo Municipal de Mar del Plata, Argentina",Verzi 2008
†Actenomys priscus,MMP,1845-M,Ctenomyidae,"Museo Municipal de Mar del Plata, Argentina",Verzi 2008
†Actenomys priscus,MMP,2017-M,Ctenomyidae,"Museo Municipal de Mar del Plata, Argentina",Verzi 2008
†Actenomys priscus,MMP,2018-M,Ctenomyidae,"Museo Municipal de Mar del Plata, Argentina",Verzi 2008
†Actenomys priscus,MMP,2019-M,Ctenomyidae,"Museo Municipal de Mar del Plata, Argentina",Verzi 2008
†Actenomys priscus,MMP,2021-M,Ctenomyidae,"Museo Municipal de Mar del Plata, Argentina",Verzi 2008
†Actenomys priscus,MMP,2022-M,Ctenomyidae,"Museo Municipal de Mar del Plata, Argentina",Verzi 2008
†Actenomys priscus,MMP,2023-M,Ctenomyidae,"Museo Municipal de Mar del Plata, Argentina",Verzi 2008
†Actenomys priscus,MMP,2024-M,Ctenomyidae,"Museo Municipal de Mar del Plata, Argentina",Verzi 2008
†Actenomys priscus,MMP,2025-M,Ctenomyidae,"Museo Municipal de Mar del Plata, Argentina",Verzi 2008
†Actenomys priscus,MMP,2026-M,Ctenomyidae,"Museo Municipal de Mar del Plata, Argentina",Verzi 2008
†Actenomys priscus,MMP,2027-M,Ctenomyidae,"Museo Municipal de Mar del Plata, Argentina",Verzi 2008
†Actenomys priscus,MMP,2029-M,Ctenomyidae,"Museo Municipal de Mar del Plata, Argentina",Verzi 2008
†Actenomys priscus,MMP,2030-M,Ctenomyidae,"Museo Municipal de Mar del Plata, Argentina",Verzi 2008
†Actenomys priscus,MMP,2031-M,Ctenomyidae,"Museo Municipal de Mar del Plata, Argentina",Verzi 2008
†Actenomys priscus,MMP,2032-M,Ctenomyidae,"Museo Municipal de Mar del Plata, Argentina",Verzi 2008
†Actenomys priscus,MMP,2033-M,Ctenomyidae,"Museo Municipal de Mar del Plata, Argentina",Verzi 2008
†Actenomys priscus,MMP,2034-M,Ctenomyidae,"Museo Municipal de Mar del Plata, Argentina",Verzi 2008
†Actenomys priscus,MMP,2036-M,Ctenomyidae,"Museo Municipal de Mar del Plata, Argentina",Verzi 2008
†Actenomys priscus,MMP,2037-M,Ctenomyidae,"Museo Municipal de Mar del Plata, Argentina",Verzi 2008
†Actenomys priscus,MMP,2038-M,Ctenomyidae,"Museo Municipal de Mar del Plata, Argentina",Verzi 2008
†Actenomys priscus,MMP,2041-M,Ctenomyidae,"Museo Municipal de Mar del Plata, Argentina",Verzi 2008
†Actenomys priscus,MMP,2042-M,Ctenomyidae,"Museo Municipal de Mar del Plata, Argentina",Verzi 2008
†Actenomys priscus,MMP,2043-M,Ctenomyidae,"Museo Municipal de Mar del Plata, Argentina",Verzi 2008
†Actenomys priscus,MMP,2066-M,Ctenomyidae,"Museo Municipal de Mar del Plata, Argentina",Verzi 2008
†Actenomys priscus,MMP,2067-M,Ctenomyidae,"Museo Municipal de Mar del Plata, Argentina",Verzi 2008
†Actenomys priscus,MMP,2068-M,Ctenomyidae,"Museo Municipal de Mar del Plata, Argentina",Verzi 2008
†Actenomys priscus,MMP,2069-M,Ctenomyidae,"Museo Municipal de Mar del Plata, Argentina",Verzi 2008
†Actenomys priscus,MMP,2070-M,Ctenomyidae,"Museo Municipal de Mar del Plata, Argentina",Verzi 2008
†Actenomys priscus,MMP,2071-M,Ctenomyidae,"Museo Municipal de Mar del Plata, Argentina",Verzi 2008
†Actenomys priscus,MMP,2075-M,Ctenomyidae,"Museo Municipal de Mar del Plata, Argentina",Verzi 2008
†Actenomys priscus,MMP,2094-M,Ctenomyidae,"Museo Municipal de Mar del Plata, Argentina",Verzi 2008
†Actenomys priscus,MMP,2115-M,Ctenomyidae,"Museo Municipal de Mar del Plata, Argentina",Verzi 2008
†Actenomys priscus,MMP,2120-M,Ctenomyidae,"Museo Municipal de Mar del Plata, Argentina",Verzi 2008
†Actenomys priscus,MMP,2121-M,Ctenomyidae,"Museo Municipal de Mar del Plata, Argentina",Verzi 2008
†Actenomys priscus,MMP,2127-M,Ctenomyidae,"Museo Municipal de Mar del Plata, Argentina",Verzi 2008
†Actenomys priscus,MMP,2354-M,Ctenomyidae,"Museo Municipal de Mar del Plata, Argentina",Verzi 2008
†Actenomys priscus,MMP,2402-M,Ctenomyidae,"Museo Municipal de Mar del Plata, Argentina",Verzi 2008
†Actenomys priscus,MMP,2403-M,Ctenomyidae,"Museo Municipal de Mar del Plata, Argentina",Verzi 2008
†Actenomys priscus,MMP,2405-M,Ctenomyidae,"Museo Municipal de Mar del Plata, Argentina",Verzi 2008
†Actenomys priscus,MMP,2434-M,Ctenomyidae,"Museo Municipal de Mar del Plata, Argentina",Verzi 2008
†Actenomys priscus,MMP,2445-M,Ctenomyidae,"Museo Municipal de Mar del Plata, Argentina",Verzi 2008
†Actenomys priscus,MMP,2449-M,Ctenomyidae,"Museo Municipal de Mar del Plata, Argentina",Verzi 2008
†Actenomys priscus,MMP,2450-M,Ctenomyidae,"Museo Municipal de Mar del Plata, Argentina",Verzi 2008
†Actenomys priscus,MMP,2451-M,Ctenomyidae,"Museo Municipal de Mar del Plata, Argentina",Verzi 2008
†Actenomys priscus,MMP,2452-M,Ctenomyidae,"Museo Municipal de Mar del Plata, Argentina",Verzi 2008
†Eucelophorus cabrerai,MACN,7294 (holotype),Ctenomyidae,"Museo Argentino de Ciencias Naturales, Buenos Aires, Argentina",Verzi 2008
†Eucelophorus cabrerai,MACN,7286,Ctenomyidae,"Museo Argentino de Ciencias Naturales, Buenos Aires, Argentina",Verzi 2008
†Eucelophorus cabrerai,MACN,7288,Ctenomyidae,"Museo Argentino de Ciencias Naturales, Buenos Aires, Argentina",Verzi 2008
†Eucelophorus cabrerai,MACN,7665,Ctenomyidae,"Museo Argentino de Ciencias Naturales, Buenos Aires, Argentina",Verzi 2008
†Eucelophorus cabrerai,MACN,15569,Ctenomyidae,"Museo Argentino de Ciencias Naturales, Buenos Aires, Argentina",Verzi 2008
†Eucelophorus chapalmalensis,MACN,1142 (holotype),Ctenomyidae,"Museo Argentino de Ciencias Naturales, Buenos Aires, Argentina",Verzi 2008
†Eucelophorus chapalmalensis,MACN,18087,Ctenomyidae,"Museo Argentino de Ciencias Naturales, Buenos Aires, Argentina",Verzi 2008
†Eucelophorus chapalmalensis,MLP,91-IV-6-31,Ctenomyidae,"Museo de La Plata, Argentina",Verzi 2008
†Eucelophorus chapalmalensis,MLP,91-IV-25-60,Ctenomyidae,"Museo de La Plata, Argentina",Verzi 2008
†Eucelophorus chapalmalensis,MLP,91-IV-25-82,Ctenomyidae,"Museo de La Plata, Argentina",Verzi 2008
†Eucelophorus chapalmalensis,MLP,91-IV-25-91,Ctenomyidae,"Museo de La Plata, Argentina",Verzi 2008
†Eucelophorus chapalmalensis,MLP,91-IV-25-98,Ctenomyidae,"Museo de La Plata, Argentina",Verzi 2008
†Eucelophorus chapalmalensis,MLP,91-IV-25-99,Ctenomyidae,"Museo de La Plata, Argentina",Verzi 2008
†Eucelophorus chapalmalensis,MLP,91-IV-25-146,Ctenomyidae,"Museo de La Plata, Argentina",Verzi 2008
†Eucelophorus chapalmalensis,MLP,91-IV-25-189,Ctenomyidae,"Museo de La Plata, Argentina",Verzi 2008
†Eucelophorus chapalmalensis,MLP,91-IV-25-207,Ctenomyidae,"Museo de La Plata, Argentina",Verzi 2008
†Eucelophorus chapalmalensis,MLP,95-XII-1-5,Ctenomyidae,"Museo de La Plata, Argentina",Verzi 2008
†Eucelophorus chapalmalensis,MLP,95-XII-1-18,Ctenomyidae,"Museo de La Plata, Argentina",Verzi 2008
†Eucelophorus chapalmalensis,MLP,96-III-11-1,Ctenomyidae,"Museo de La Plata, Argentina",Verzi 2008
†Eucelophorus chapalmalensis,MLP,97-II-1-60,Ctenomyidae,"Museo de La Plata, Argentina",Verzi 2008
†Eucelophorus chapalmalensis,MLP,97-II-1-74,Ctenomyidae,"Museo de La Plata, Argentina",Verzi 2008
†Eucelophorus chapalmalensis,MMP,370-S,Ctenomyidae,"Museo Municipal de Mar del Plata, Argentina",Verzi 2008
†Eucelophorus chapalmalensis,MMP,415-S,Ctenomyidae,"Museo Municipal de Mar del Plata, Argentina",Verzi 2008
†Eucelophorus chapalmalensis,MMP,448-S,Ctenomyidae,"Museo Municipal de Mar del Plata, Argentina",Verzi 2008
†Eucelophorus chapalmalensis,MMP,449-S,Ctenomyidae,"Museo Municipal de Mar del Plata, Argentina",Verzi 2008
†Eucelophorus chapalmalensis,MMP,485-S,Ctenomyidae,"Museo Municipal de Mar del Plata, Argentina",Verzi 2008
†Eucelophorus chapalmalensis,MMP,486-S,Ctenomyidae,"Museo Municipal de Mar del Plata, Argentina",Verzi 2008
†Eucelophorus chapalmalensis,MMP,487-S,Ctenomyidae,"Museo Municipal de Mar del Plata, Argentina",Verzi 2008
†Eucelophorus chapalmalensis,MMP,488-S,Ctenomyidae,"Museo Municipal de Mar del Plata, Argentina",Verzi 2008
†Eucelophorus chapalmalensis,MMP,506-S,Ctenomyidae,"Museo Municipal de Mar del Plata, Argentina",Verzi 2008
†Eucelophorus chapalmalensis,MMP,603-S,Ctenomyidae,"Museo Municipal de Mar del Plata, Argentina",Verzi 2008
†Eucelophorus chapalmalensis,MMP,610-S,Ctenomyidae,"Museo Municipal de Mar del Plata, Argentina",Verzi 2008
†Eucelophorus chapalmalensis,MMP,756-S,Ctenomyidae,"Museo Municipal de Mar del Plata, Argentina",Verzi 2008
†Eucelophorus chapalmalensis,MMP,788-S,Ctenomyidae,"Museo Municipal de Mar del Plata, Argentina",Verzi 2008
†Eucelophorus chapalmalensis,MMP,600-M,Ctenomyidae,"Museo Municipal de Mar del Plata, Argentina",Verzi 2008
†Eucelophorus chapalmalensis,MMP,613-M,Ctenomyidae,"Museo Municipal de Mar del Plata, Argentina",Verzi 2008
†Eucelophorus chapalmalensis,MMP,645-M,Ctenomyidae,"Museo Municipal de Mar del Plata, Argentina",Verzi 2008
†Eucelophorus chapalmalensis,MMP,651-M,Ctenomyidae,"Museo Municipal de Mar del Plata, Argentina",Verzi 2008
†Eucelophorus chapalmalensis,MMP,668-M,Ctenomyidae,"Museo Municipal de Mar del Plata, Argentina",Verzi 2008
†Eucelophorus chapalmalensis,MMP,840-M,Ctenomyidae,"Museo Municipal de Mar del Plata, Argentina",Verzi 2008
†Eucelophorus chapalmalensis,MMP,1070-M,Ctenomyidae,"Museo Municipal de Mar del Plata, Argentina",Verzi 2008
†Eucelophorus chapalmalensis,MMP,1125-M,Ctenomyidae,"Museo Municipal de Mar del Plata, Argentina",Verzi 2008
†Eucelophorus chapalmalensis,MMP,1718-M,Ctenomyidae,"Museo Municipal de Mar del Plata, Argentina",Verzi 2008
†Eucelophorus chapalmalensis,MMP,1333-M,Ctenomyidae,"Museo Municipal de Mar del Plata, Argentina",Verzi 2008
†Eucelophorus chapalmalensis,MMP,2012-M,Ctenomyidae,"Museo Municipal de Mar del Plata, Argentina",Verzi 2008
†Eucelophorus chapalmalensis,MMP,2013-M,Ctenomyidae,"Museo Municipal de Mar del Plata, Argentina",Verzi 2008
†Eucelophorus chapalmalensis,MMP,2014-M,Ctenomyidae,"Museo Municipal de Mar del Plata, Argentina",Verzi 2008
†Eucelophorus chapalmalensis,MMP,2015-M,Ctenomyidae,"Museo Municipal de Mar del Plata, Argentina",Verzi 2008
†Paractenomys chapalmalensis,MACN,12681 (holotype),Ctenomyidae,"Museo Argentino de Ciencias Naturales, Buenos Aires, Argentina",Verzi 2008
†Paractenomys chapalmalensis,MACN,13839,Ctenomyidae,"Museo Argentino de Ciencias Naturales, Buenos Aires, Argentina",Verzi 2008
†Paractenomys chapalmalensis,MACN,19242,Ctenomyidae,"Museo Argentino de Ciencias Naturales, Buenos Aires, Argentina",Verzi 2008
†Paractenomys chapalmalensis,MACN,19243,Ctenomyidae,"Museo Argentino de Ciencias Naturales, Buenos Aires, Argentina",Verzi 2008
†Paractenomys chapalmalensis,MACN,19245,Ctenomyidae,"Museo Argentino de Ciencias Naturales, Buenos Aires, Argentina",Verzi 2008
†Paractenomys chapalmalensis,MACN,19246,Ctenomyidae,"Museo Argentino de Ciencias Naturales, Buenos Aires, Argentina",Verzi 2008
†Paractenomys chapalmalensis,MACN,19247,Ctenomyidae,"Museo Argentino de Ciencias Naturales, Buenos Aires, Argentina",Verzi 2008
†Paractenomys chapalmalensis,MACN,19248,Ctenomyidae,"Museo Argentino de Ciencias Naturales, Buenos Aires, Argentina",Verzi 2008
†Paractenomys chapalmalensis,MACN,19249,Ctenomyidae,"Museo Argentino de Ciencias Naturales, Buenos Aires, Argentina",Verzi 2008
†Paractenomys chapalmalensis,MACN,19250,Ctenomyidae,"Museo Argentino de Ciencias Naturales, Buenos Aires, Argentina",Verzi 2008
†Paractenomys chapalmalensis,MACN,19251,Ctenomyidae,"Museo Argentino de Ciencias Naturales, Buenos Aires, Argentina",Verzi 2008
†Paractenomys chapalmalensis,MACN,19252,Ctenomyidae,"Museo Argentino de Ciencias Naturales, Buenos Aires, Argentina",Verzi 2008
†Paractenomys chapalmalensis,MACN,19253,Ctenomyidae,"Museo Argentino de Ciencias Naturales, Buenos Aires, Argentina",Verzi 2008
†Paractenomys chapalmalensis,MACN,19254,Ctenomyidae,"Museo Argentino de Ciencias Naturales, Buenos Aires, Argentina",Verzi 2008
†Paractenomys chapalmalensis,MACN,19255,Ctenomyidae,"Museo Argentino de Ciencias Naturales, Buenos Aires, Argentina",Verzi 2008
†Paractenomys chapalmalensis,MACN,19256,Ctenomyidae,"Museo Argentino de Ciencias Naturales, Buenos Aires, Argentina",Verzi 2008
†Paractenomys chapalmalensis,MLP,52-IX-27-53,Ctenomyidae,"Museo de La Plata, Argentina",Verzi 2008
†Paractenomys chapalmalensis,MLP,90-IV-4-1,Ctenomyidae,"Museo de La Plata, Argentina",Verzi 2008
†Paractenomys chapalmalensis,MLP,90-IV-4-2,Ctenomyidae,"Museo de La Plata, Argentina",Verzi 2008
†Paractenomys chapalmalensis,MLP,90-IV-4-3,Ctenomyidae,"Museo de La Plata, Argentina",Verzi 2008
†Paractenomys chapalmalensis,MMP,298-S,Ctenomyidae,"Museo Municipal de Mar del Plata, Argentina",Verzi 2008
†Paractenomys chapalmalensis,MMP,356-S,Ctenomyidae,"Museo Municipal de Mar del Plata, Argentina",Verzi 2008
†Paractenomys chapalmalensis,MMP,357-S,Ctenomyidae,"Museo Municipal de Mar del Plata, Argentina",Verzi 2008
†Paractenomys chapalmalensis,MMP,358-S,Ctenomyidae,"Museo Municipal de Mar del Plata, Argentina",Verzi 2008
†Paractenomys chapalmalensis,MMP,377-M,Ctenomyidae,"Museo Municipal de Mar del Plata, Argentina",Verzi 2008
†Paractenomys chapalmalensis,MMP,444-S,Ctenomyidae,"Museo Municipal de Mar del Plata, Argentina",Verzi 2008
†Paractenomys chapalmalensis,MMP,481-S,Ctenomyidae,"Museo Municipal de Mar del Plata, Argentina",Verzi 2008
†Paractenomys chapalmalensis,MMP,483-M,Ctenomyidae,"Museo Municipal de Mar del Plata, Argentina",Verzi 2008
†Paractenomys chapalmalensis,MMP,575-S,Ctenomyidae,"Museo Municipal de Mar del Plata, Argentina",Verzi 2008
†Paractenomys chapalmalensis,MMP,601-S,Ctenomyidae,"Museo Municipal de Mar del Plata, Argentina",Verzi 2008
†Paractenomys chapalmalensis,MMP,606-S,Ctenomyidae,"Museo Municipal de Mar del Plata, Argentina",Verzi 2008
†Paractenomys chapalmalensis,MMP,613-S,Ctenomyidae,"Museo Municipal de Mar del Plata, Argentina",Verzi 2008
†Paractenomys chapalmalensis,MMP,642-S,Ctenomyidae,"Museo Municipal de Mar del Plata, Argentina",Verzi 2008
†Paractenomys chapalmalensis,MMP,646-M,Ctenomyidae,"Museo Municipal de Mar del Plata, Argentina",Verzi 2008
†Paractenomys chapalmalensis,MMP,845-M,Ctenomyidae,"Museo Municipal de Mar del Plata, Argentina",Verzi 2008
†Paractenomys chapalmalensis,MMP,889-M,Ctenomyidae,"Museo Municipal de Mar del Plata, Argentina",Verzi 2008
†Paractenomys chapalmalensis,MMP,890-M,Ctenomyidae,"Museo Municipal de Mar del Plata, Argentina",Verzi 2008
†Paractenomys chapalmalensis,MMP,891-M,Ctenomyidae,"Museo Municipal de Mar del Plata, Argentina",Verzi 2008
†Paractenomys chapalmalensis,MMP,1061-M,Ctenomyidae,"Museo Municipal de Mar del Plata, Argentina",Verzi 2008
†Paractenomys chapalmalensis,MMP,1214-M,Ctenomyidae,"Museo Municipal de Mar del Plata, Argentina",Verzi 2008
†Paractenomys chapalmalensis,MMP,1223-M,Ctenomyidae,"Museo Municipal de Mar del Plata, Argentina",Verzi 2008
†Paractenomys chapalmalensis,MMP,1225-M,Ctenomyidae,"Museo Municipal de Mar del Plata, Argentina",Verzi 2008
†Paractenomys chapalmalensis,MMP,1226-M,Ctenomyidae,"Museo Municipal de Mar del Plata, Argentina",Verzi 2008
†Paractenomys chapalmalensis,MMP,1227-M,Ctenomyidae,"Museo Municipal de Mar del Plata, Argentina",Verzi 2008
†Paractenomys chapalmalensis,MMP,1229-M,Ctenomyidae,"Museo Municipal de Mar del Plata, Argentina",Verzi 2008
†Paractenomys chapalmalensis,MMP,1230-M,Ctenomyidae,"Museo Municipal de Mar del Plata, Argentina",Verzi 2008
†Paractenomys chapalmalensis,MMP,1319-M,Ctenomyidae,"Museo Municipal de Mar del Plata, Argentina",Verzi 2008
†Paractenomys chapalmalensis,MMP,1449-M,Ctenomyidae,"Museo Municipal de Mar del Plata, Argentina",Verzi 2008
†Paractenomys chapalmalensis,MMP,1526-M,Ctenomyidae,"Museo Municipal de Mar del Plata, Argentina",Verzi 2008
†Paractenomys chapalmalensis,MMP,1620-M,Ctenomyidae,"Museo Municipal de Mar del Plata, Argentina",Verzi 2008
†Paractenomys chapalmalensis,MMP,1622-M,Ctenomyidae,"Museo Municipal de Mar del Plata, Argentina",Verzi 2008
†Paractenomys chapalmalensis,MMP,1730-M,Ctenomyidae,"Museo Municipal de Mar del Plata, Argentina",Verzi 2008
†Paractenomys sp.,MLP,96-II-29-1,Ctenomyidae,"Museo de La Plata, Argentina",Verzi 2008
†Paractenomys sp.,MLP,96-II-29-2,Ctenomyidae,"Museo de La Plata, Argentina",Verzi 2008
†Praectenomys rhombidens,GB,248,Ctenomyidae,NA,Verzi 2008
†Praectenomys rhombidens,MMP,1237-M (cast),Ctenomyidae,"Museo Municipal de Mar del Plata, Argentina",Verzi 2008
†Praectenomys rhombidens,MMP,1238-M(cast),Ctenomyidae,"Museo Municipal de Mar del Plata, Argentina",Verzi 2008
†Xenodontomys ellipticus,MACN,9789 (holotype),Ctenomyidae,"Museo Argentino de Ciencias Naturales, Buenos Aires, Argentina",Verzi 2008
†Xenodontomys ellipticus,MACN,9811,Ctenomyidae,"Museo Argentino de Ciencias Naturales, Buenos Aires, Argentina",Verzi 2008
†Xenodontomys ellipticus,MACN,9852a,Ctenomyidae,"Museo Argentino de Ciencias Naturales, Buenos Aires, Argentina",Verzi 2008
†Xenodontomys ellipticus,MACN,9855,Ctenomyidae,"Museo Argentino de Ciencias Naturales, Buenos Aires, Argentina",Verzi 2008
†Xenodontomys ellipticus,MACN,9895,Ctenomyidae,"Museo Argentino de Ciencias Naturales, Buenos Aires, Argentina",Verzi 2008
†Xenodontomys ellipticus,MACN,9933,Ctenomyidae,"Museo Argentino de Ciencias Naturales, Buenos Aires, Argentina",Verzi 2008
†Xenodontomys ellipticus,MACN,9950,Ctenomyidae,"Museo Argentino de Ciencias Naturales, Buenos Aires, Argentina",Verzi 2008
†Xenodontomys ellipticus,MLP,52-IX-30-3,Ctenomyidae,"Museo de La Plata, Argentina",Verzi 2008
†Xenodontomys ellipticus,MLP,52-X-5-53,Ctenomyidae,"Museo de La Plata, Argentina",Verzi 2008
†Xenodontomys ellipticus,MLP,57-VII-23-13,Ctenomyidae,"Museo de La Plata, Argentina",Verzi 2008
†Xenodontomys ellipticus,MLP,57-VII-23-14,Ctenomyidae,"Museo de La Plata, Argentina",Verzi 2008
†Xenodontomys ellipticus,MLP,57-VII-23-24,Ctenomyidae,"Museo de La Plata, Argentina",Verzi 2008
†Xenodontomys ellipticus,MLP,60-X-4-3,Ctenomyidae,"Museo de La Plata, Argentina",Verzi 2008
†Xenodontomys ellipticus,MLP,60-X-4-6,Ctenomyidae,"Museo de La Plata, Argentina",Verzi 2008
†Xenodontomys ellipticus,MLP,60-X-4-7,Ctenomyidae,"Museo de La Plata, Argentina",Verzi 2008
†Xenodontomys ellipticus,MLP,60-X-4-8,Ctenomyidae,"Museo de La Plata, Argentina",Verzi 2008
†Xenodontomys ellipticus,MLP,60-X-4-9,Ctenomyidae,"Museo de La Plata, Argentina",Verzi 2008
†Xenodontomys ellipticus,MLP,60-X-4-10,Ctenomyidae,"Museo de La Plata, Argentina",Verzi 2008
†Xenodontomys ellipticus,MLP,60-X-4-48,Ctenomyidae,"Museo de La Plata, Argentina",Verzi 2008
†Xenodontomys ellipticus,MLP,60-X-4-59,Ctenomyidae,"Museo de La Plata, Argentina",Verzi 2008
†Xenodontomys ellipticus,MLP,63-VI-10-22,Ctenomyidae,"Museo de La Plata, Argentina",Verzi 2008
†Xenodontomys ellipticus,MLP,63-VI-10-49,Ctenomyidae,"Museo de La Plata, Argentina",Verzi 2008
†Xenodontomys ellipticus,MLP,63-VI-10-50,Ctenomyidae,"Museo de La Plata, Argentina",Verzi 2008
†Xenodontomys ellipticus,MLP,63-VI-10-51,Ctenomyidae,"Museo de La Plata, Argentina",Verzi 2008
†Xenodontomys ellipticus,MLP,94-II-1-118,Ctenomyidae,"Museo de La Plata, Argentina",Verzi 2008
†Xenodontomys elongatus,GHUNLPam,19714 (holotype),Ctenomyidae,"Universidad Nacional de La Pampa, Argentina",Verzi 2008
†Xenodontomys elongatus,GHUNLPam,19631,Ctenomyidae,"Universidad Nacional de La Pampa, Argentina",Verzi 2008
†Xenodontomys elongatus,GHUNLPam,19632,Ctenomyidae,"Universidad Nacional de La Pampa, Argentina",Verzi 2008
†Xenodontomys elongatus,GHUNLPam,19633,Ctenomyidae,"Universidad Nacional de La Pampa, Argentina",Verzi 2008
†Xenodontomys elongatus,GHUNLPam,19634,Ctenomyidae,"Universidad Nacional de La Pampa, Argentina",Verzi 2008
†Xenodontomys elongatus,GHUNLPam,19635,Ctenomyidae,"Universidad Nacional de La Pampa, Argentina",Verzi 2008
†Xenodontomys elongatus,GHUNLPam,19636,Ctenomyidae,"Universidad Nacional de La Pampa, Argentina",Verzi 2008
†Xenodontomys elongatus,GHUNLPam,19637,Ctenomyidae,"Universidad Nacional de La Pampa, Argentina",Verzi 2008
†Xenodontomys elongatus,GHUNLPam,19638,Ctenomyidae,"Universidad Nacional de La Pampa, Argentina",Verzi 2008
†Xenodontomys elongatus,GHUNLPam,19639,Ctenomyidae,"Universidad Nacional de La Pampa, Argentina",Verzi 2008
†Xenodontomys elongatus,GHUNLPam,19640,Ctenomyidae,"Universidad Nacional de La Pampa, Argentina",Verzi 2008
†Xenodontomys elongatus,GHUNLPam,19641,Ctenomyidae,"Universidad Nacional de La Pampa, Argentina",Verzi 2008
†Xenodontomys elongatus,GHUNLPam,19642,Ctenomyidae,"Universidad Nacional de La Pampa, Argentina",Verzi 2008
†Xenodontomys elongatus,GHUNLPam,19643,Ctenomyidae,"Universidad Nacional de La Pampa, Argentina",Verzi 2008
†Xenodontomys elongatus,GHUNLPam,19644,Ctenomyidae,"Universidad Nacional de La Pampa, Argentina",Verzi 2008
†Xenodontomys elongatus,GHUNLPam,19645,Ctenomyidae,"Universidad Nacional de La Pampa, Argentina",Verzi 2008
†Xenodontomys elongatus,GHUNLPam,19646,Ctenomyidae,"Universidad Nacional de La Pampa, Argentina",Verzi 2008
†Xenodontomys elongatus,GHUNLPam,19647,Ctenomyidae,"Universidad Nacional de La Pampa, Argentina",Verzi 2008
†Xenodontomys elongatus,GHUNLPam,19648,Ctenomyidae,"Universidad Nacional de La Pampa, Argentina",Verzi 2008
†Xenodontomys elongatus,GHUNLPam,19649,Ctenomyidae,"Universidad Nacional de La Pampa, Argentina",Verzi 2008
†Xenodontomys elongatus,GHUNLPam,19650,Ctenomyidae,"Universidad Nacional de La Pampa, Argentina",Verzi 2008
†Xenodontomys elongatus,GHUNLPam,19651,Ctenomyidae,"Universidad Nacional de La Pampa, Argentina",Verzi 2008
†Xenodontomys elongatus,GHUNLPam,19652,Ctenomyidae,"Universidad Nacional de La Pampa, Argentina",Verzi 2008
†Xenodontomys elongatus,GHUNLPam,19653,Ctenomyidae,"Universidad Nacional de La Pampa, Argentina",Verzi 2008
†Xenodontomys elongatus,GHUNLPam,19654,Ctenomyidae,"Universidad Nacional de La Pampa, Argentina",Verzi 2008
†Xenodontomys elongatus,GHUNLPam,19656,Ctenomyidae,"Universidad Nacional de La Pampa, Argentina",Verzi 2008
†Xenodontomys elongatus,GHUNLPam,19657,Ctenomyidae,"Universidad Nacional de La Pampa, Argentina",Verzi 2008
†Xenodontomys elongatus,GHUNLPam,19658,Ctenomyidae,"Universidad Nacional de La Pampa, Argentina",Verzi 2008
†Xenodontomys elongatus,GHUNLPam,19659,Ctenomyidae,"Universidad Nacional de La Pampa, Argentina",Verzi 2008
†Xenodontomys elongatus,GHUNLPam,19660,Ctenomyidae,"Universidad Nacional de La Pampa, Argentina",Verzi 2008
†Xenodontomys elongatus,GHUNLPam,19661,Ctenomyidae,"Universidad Nacional de La Pampa, Argentina",Verzi 2008
†Xenodontomys elongatus,GHUNLPam,19662,Ctenomyidae,"Universidad Nacional de La Pampa, Argentina",Verzi 2008
†Xenodontomys elongatus,GHUNLPam,19663,Ctenomyidae,"Universidad Nacional de La Pampa, Argentina",Verzi 2008
†Xenodontomys elongatus,GHUNLPam,19664,Ctenomyidae,"Universidad Nacional de La Pampa, Argentina",Verzi 2008
†Xenodontomys elongatus,GHUNLPam,19665,Ctenomyidae,"Universidad Nacional de La Pampa, Argentina",Verzi 2008
†Xenodontomys elongatus,GHUNLPam,19666,Ctenomyidae,"Universidad Nacional de La Pampa, Argentina",Verzi 2008
†Xenodontomys elongatus,GHUNLPam,19667,Ctenomyidae,"Universidad Nacional de La Pampa, Argentina",Verzi 2008
†Xenodontomys elongatus,GHUNLPam,19668,Ctenomyidae,"Universidad Nacional de La Pampa, Argentina",Verzi 2008
†Xenodontomys elongatus,GHUNLPam,19669,Ctenomyidae,"Universidad Nacional de La Pampa, Argentina",Verzi 2008
†Xenodontomys elongatus,GHUNLPam,19670,Ctenomyidae,"Universidad Nacional de La Pampa, Argentina",Verzi 2008
†Xenodontomys elongatus,GHUNLPam,19671,Ctenomyidae,"Universidad Nacional de La Pampa, Argentina",Verzi 2008
†Xenodontomys elongatus,GHUNLPam,19672,Ctenomyidae,"Universidad Nacional de La Pampa, Argentina",Verzi 2008
†Xenodontomys elongatus,GHUNLPam,19673,Ctenomyidae,"Universidad Nacional de La Pampa, Argentina",Verzi 2008
†Xenodontomys elongatus,GHUNLPam,19674,Ctenomyidae,"Universidad Nacional de La Pampa, Argentina",Verzi 2008
†Xenodontomys elongatus,GHUNLPam,19675,Ctenomyidae,"Universidad Nacional de La Pampa, Argentina",Verzi 2008
†Xenodontomys elongatus,GHUNLPam,19676,Ctenomyidae,"Universidad Nacional de La Pampa, Argentina",Verzi 2008
†Xenodontomys elongatus,GHUNLPam,19677,Ctenomyidae,"Universidad Nacional de La Pampa, Argentina",Verzi 2008
†Xenodontomys elongatus,GHUNLPam,19678,Ctenomyidae,"Universidad Nacional de La Pampa, Argentina",Verzi 2008
†Xenodontomys elongatus,GHUNLPam,19680,Ctenomyidae,"Universidad Nacional de La Pampa, Argentina",Verzi 2008
†Xenodontomys elongatus,GHUNLPam,19681,Ctenomyidae,"Universidad Nacional de La Pampa, Argentina",Verzi 2008
†Xenodontomys elongatus,GHUNLPam,19682,Ctenomyidae,"Universidad Nacional de La Pampa, Argentina",Verzi 2008
†Xenodontomys elongatus,GHUNLPam,19683,Ctenomyidae,"Universidad Nacional de La Pampa, Argentina",Verzi 2008
†Xenodontomys elongatus,GHUNLPam,19684,Ctenomyidae,"Universidad Nacional de La Pampa, Argentina",Verzi 2008
†Xenodontomys elongatus,GHUNLPam,19685,Ctenomyidae,"Universidad Nacional de La Pampa, Argentina",Verzi 2008
†Xenodontomys elongatus,GHUNLPam,19686,Ctenomyidae,"Universidad Nacional de La Pampa, Argentina",Verzi 2008
†Xenodontomys elongatus,GHUNLPam,19687,Ctenomyidae,"Universidad Nacional de La Pampa, Argentina",Verzi 2008
†Xenodontomys elongatus,GHUNLPam,19688,Ctenomyidae,"Universidad Nacional de La Pampa, Argentina",Verzi 2008
†Xenodontomys elongatus,GHUNLPam,19689,Ctenomyidae,"Universidad Nacional de La Pampa, Argentina",Verzi 2008
†Xenodontomys elongatus,GHUNLPam,19692,Ctenomyidae,"Universidad Nacional de La Pampa, Argentina",Verzi 2008
†Xenodontomys elongatus,GHUNLPam,19693,Ctenomyidae,"Universidad Nacional de La Pampa, Argentina",Verzi 2008
†Xenodontomys elongatus,GHUNLPam,19694,Ctenomyidae,"Universidad Nacional de La Pampa, Argentina",Verzi 2008
†Xenodontomys elongatus,GHUNLPam,19695,Ctenomyidae,"Universidad Nacional de La Pampa, Argentina",Verzi 2008
†Xenodontomys elongatus,GHUNLPam,19696,Ctenomyidae,"Universidad Nacional de La Pampa, Argentina",Verzi 2008
†Xenodontomys elongatus,GHUNLPam,19697,Ctenomyidae,"Universidad Nacional de La Pampa, Argentina",Verzi 2008
†Xenodontomys elongatus,GHUNLPam,19699,Ctenomyidae,"Universidad Nacional de La Pampa, Argentina",Verzi 2008
†Xenodontomys elongatus,GHUNLPam,19700,Ctenomyidae,"Universidad Nacional de La Pampa, Argentina",Verzi 2008
†Xenodontomys elongatus,GHUNLPam,19701,Ctenomyidae,"Universidad Nacional de La Pampa, Argentina",Verzi 2008
†Xenodontomys elongatus,GHUNLPam,19702,Ctenomyidae,"Universidad Nacional de La Pampa, Argentina",Verzi 2008
†Xenodontomys elongatus,GHUNLPam,19703,Ctenomyidae,"Universidad Nacional de La Pampa, Argentina",Verzi 2008
†Xenodontomys elongatus,GHUNLPam,19705,Ctenomyidae,"Universidad Nacional de La Pampa, Argentina",Verzi 2008
†Xenodontomys elongatus,GHUNLPam,19706,Ctenomyidae,"Universidad Nacional de La Pampa, Argentina",Verzi 2008
†Xenodontomys elongatus,GHUNLPam,19710,Ctenomyidae,"Universidad Nacional de La Pampa, Argentina",Verzi 2008
†Xenodontomys elongatus,GHUNLPam,19712,Ctenomyidae,"Universidad Nacional de La Pampa, Argentina",Verzi 2008
†Xenodontomys elongatus,GHUNLPam,19713,Ctenomyidae,"Universidad Nacional de La Pampa, Argentina",Verzi 2008
†Xenodontomys elongatus,GHUNLPam,19715,Ctenomyidae,"Universidad Nacional de La Pampa, Argentina",Verzi 2008
†Xenodontomys elongatus,GHUNLPam,19716,Ctenomyidae,"Universidad Nacional de La Pampa, Argentina",Verzi 2008
†Xenodontomys elongatus,GHUNLPam,19717,Ctenomyidae,"Universidad Nacional de La Pampa, Argentina",Verzi 2008
†Xenodontomys elongatus,GHUNLPam,19718,Ctenomyidae,"Universidad Nacional de La Pampa, Argentina",Verzi 2008
†Xenodontomys elongatus,GHUNLPam,19719,Ctenomyidae,"Universidad Nacional de La Pampa, Argentina",Verzi 2008
†Xenodontomys elongatus,GHUNLPam,19720,Ctenomyidae,"Universidad Nacional de La Pampa, Argentina",Verzi 2008
†Xenodontomys elongatus,GHUNLPam,19721,Ctenomyidae,"Universidad Nacional de La Pampa, Argentina",Verzi 2008
†Xenodontomys elongatus,GHUNLPam,19722,Ctenomyidae,"Universidad Nacional de La Pampa, Argentina",Verzi 2008
†Xenodontomys elongatus,GHUNLPam,19723,Ctenomyidae,"Universidad Nacional de La Pampa, Argentina",Verzi 2008
†Xenodontomys elongatus,GHUNLPam,19724,Ctenomyidae,"Universidad Nacional de La Pampa, Argentina",Verzi 2008
†Xenodontomys elongatus,GHUNLPam,19726,Ctenomyidae,"Universidad Nacional de La Pampa, Argentina",Verzi 2008
†Xenodontomys elongatus,GHUNLPam,19728,Ctenomyidae,"Universidad Nacional de La Pampa, Argentina",Verzi 2008
†Xenodontomys elongatus,GHUNLPam,19733,Ctenomyidae,"Universidad Nacional de La Pampa, Argentina",Verzi 2008
†Xenodontomys elongatus,GHUNLPam,19736,Ctenomyidae,"Universidad Nacional de La Pampa, Argentina",Verzi 2008
†Xenodontomys elongatus,GHUNLPam,19737,Ctenomyidae,"Universidad Nacional de La Pampa, Argentina",Verzi 2008
†Xenodontomys elongatus,GHUNLPam,19829,Ctenomyidae,"Universidad Nacional de La Pampa, Argentina",Verzi 2008
†Xenodontomys elongatus,GHUNLPam,19849,Ctenomyidae,"Universidad Nacional de La Pampa, Argentina",Verzi 2008
†Xenodontomys elongatus,GHUNLPam,19850,Ctenomyidae,"Universidad Nacional de La Pampa, Argentina",Verzi 2008
†Xenodontomys elongatus,GHUNLPam,21005,Ctenomyidae,"Universidad Nacional de La Pampa, Argentina",Verzi 2008
†Xenodontomys elongatus,GHUNLPam,21007,Ctenomyidae,"Universidad Nacional de La Pampa, Argentina",Verzi 2008
†Xenodontomys elongatus,GHUNLPam,21008,Ctenomyidae,"Universidad Nacional de La Pampa, Argentina",Verzi 2008
†Xenodontomys elongatus,GHUNLPam,21080,Ctenomyidae,"Universidad Nacional de La Pampa, Argentina",Verzi 2008
†Xenodontomys elongatus,GHUNLPam,21093,Ctenomyidae,"Universidad Nacional de La Pampa, Argentina",Verzi 2008
†Xenodontomys elongatus,GHUNLPam,21231,Ctenomyidae,"Universidad Nacional de La Pampa, Argentina",Verzi 2008
†Xenodontomys elongatus,GHUNLPam,21232,Ctenomyidae,"Universidad Nacional de La Pampa, Argentina",Verzi 2008
†Xenodontomys elongatus,GHUNLPam,21233,Ctenomyidae,"Universidad Nacional de La Pampa, Argentina",Verzi 2008
†Xenodontomys elongatus,GHUNLPam,21234,Ctenomyidae,"Universidad Nacional de La Pampa, Argentina",Verzi 2008
†Xenodontomys elongatus,GHUNLPam,21235,Ctenomyidae,"Universidad Nacional de La Pampa, Argentina",Verzi 2008
†Xenodontomys elongatus,GHUNLPam,21236,Ctenomyidae,"Universidad Nacional de La Pampa, Argentina",Verzi 2008
†Xenodontomys elongatus,GHUNLPam,21237,Ctenomyidae,"Universidad Nacional de La Pampa, Argentina",Verzi 2008
†Xenodontomys elongatus,GHUNLPam,21238,Ctenomyidae,"Universidad Nacional de La Pampa, Argentina",Verzi 2008
†Xenodontomys elongatus,GHUNLPam,21239,Ctenomyidae,"Universidad Nacional de La Pampa, Argentina",Verzi 2008
†Xenodontomys elongatus,GHUNLPam,21240,Ctenomyidae,"Universidad Nacional de La Pampa, Argentina",Verzi 2008
†Xenodontomys elongatus,GHUNLPam,21241,Ctenomyidae,"Universidad Nacional de La Pampa, Argentina",Verzi 2008
†Xenodontomys elongatus,GHUNLPam,21242,Ctenomyidae,"Universidad Nacional de La Pampa, Argentina",Verzi 2008
†Xenodontomys elongatus,GHUNLPam,21243,Ctenomyidae,"Universidad Nacional de La Pampa, Argentina",Verzi 2008
†Xenodontomys elongatus,GHUNLPam,21244,Ctenomyidae,"Universidad Nacional de La Pampa, Argentina",Verzi 2008
†Xenodontomys elongatus,GHUNLPam,21245,Ctenomyidae,"Universidad Nacional de La Pampa, Argentina",Verzi 2008
†Xenodontomys elongatus,GHUNLPam,21246,Ctenomyidae,"Universidad Nacional de La Pampa, Argentina",Verzi 2008
†Xenodontomys elongatus,GHUNLPam,21247,Ctenomyidae,"Universidad Nacional de La Pampa, Argentina",Verzi 2008
†Xenodontomys elongatus,GHUNLPam,21248,Ctenomyidae,"Universidad Nacional de La Pampa, Argentina",Verzi 2008
†Xenodontomys elongatus,GHUNLPam,21249,Ctenomyidae,"Universidad Nacional de La Pampa, Argentina",Verzi 2008
†Xenodontomys elongatus,GHUNLPam,21250,Ctenomyidae,"Universidad Nacional de La Pampa, Argentina",Verzi 2008
†Xenodontomys elongatus,GHUNLPam,21251,Ctenomyidae,"Universidad Nacional de La Pampa, Argentina",Verzi 2008
†Xenodontomys elongatus,GHUNLPam,21252,Ctenomyidae,"Universidad Nacional de La Pampa, Argentina",Verzi 2008
†Xenodontomys elongatus,GHUNLPam,21253,Ctenomyidae,"Universidad Nacional de La Pampa, Argentina",Verzi 2008
†Xenodontomys elongatus,GHUNLPam,21254,Ctenomyidae,"Universidad Nacional de La Pampa, Argentina",Verzi 2008
†Xenodontomys elongatus,GHUNLPam,21255,Ctenomyidae,"Universidad Nacional de La Pampa, Argentina",Verzi 2008
†Xenodontomys elongatus,GHUNLPam,21256,Ctenomyidae,"Universidad Nacional de La Pampa, Argentina",Verzi 2008
†Xenodontomys elongatus,GHUNLPam,21257,Ctenomyidae,"Universidad Nacional de La Pampa, Argentina",Verzi 2008
†Xenodontomys elongatus,GHUNLPam,21258,Ctenomyidae,"Universidad Nacional de La Pampa, Argentina",Verzi 2008
†Xenodontomys elongatus,GHUNLPam,21259,Ctenomyidae,"Universidad Nacional de La Pampa, Argentina",Verzi 2008
†Xenodontomys elongatus,GHUNLPam,21260,Ctenomyidae,"Universidad Nacional de La Pampa, Argentina",Verzi 2008
†Xenodontomys elongatus,GHUNLPam,21261,Ctenomyidae,"Universidad Nacional de La Pampa, Argentina",Verzi 2008
†Xenodontomys elongatus,GHUNLPam,21262,Ctenomyidae,"Universidad Nacional de La Pampa, Argentina",Verzi 2008
†Xenodontomys elongatus,GHUNLPam,21263,Ctenomyidae,"Universidad Nacional de La Pampa, Argentina",Verzi 2008
†Xenodontomys elongatus,GHUNLPam,21264,Ctenomyidae,"Universidad Nacional de La Pampa, Argentina",Verzi 2008
†Xenodontomys elongatus,GHUNLPam,21265,Ctenomyidae,"Universidad Nacional de La Pampa, Argentina",Verzi 2008
†Xenodontomys elongatus,GHUNLPam,21267,Ctenomyidae,"Universidad Nacional de La Pampa, Argentina",Verzi 2008
†Xenodontomys elongatus,GHUNLPam,21268,Ctenomyidae,"Universidad Nacional de La Pampa, Argentina",Verzi 2008
†Xenodontomys elongatus,GHUNLPam,21269,Ctenomyidae,"Universidad Nacional de La Pampa, Argentina",Verzi 2008
†Xenodontomys elongatus,GHUNLPam,21271,Ctenomyidae,"Universidad Nacional de La Pampa, Argentina",Verzi 2008
†Xenodontomys elongatus,GHUNLPam,21273,Ctenomyidae,"Universidad Nacional de La Pampa, Argentina",Verzi 2008
†Xenodontomys elongatus,GHUNLPam,21275,Ctenomyidae,"Universidad Nacional de La Pampa, Argentina",Verzi 2008
†Xenodontomys elongatus,GHUNLPam,21276,Ctenomyidae,"Universidad Nacional de La Pampa, Argentina",Verzi 2008
†Xenodontomys elongatus,GHUNLPam,21277,Ctenomyidae,"Universidad Nacional de La Pampa, Argentina",Verzi 2008
†Xenodontomys elongatus,GHUNLPam,21279,Ctenomyidae,"Universidad Nacional de La Pampa, Argentina",Verzi 2008
†Xenodontomys elongatus,GHUNLPam,21584,Ctenomyidae,"Universidad Nacional de La Pampa, Argentina",Verzi 2008
†Xenodontomys elongatus,GHUNLPam,21613,Ctenomyidae,"Universidad Nacional de La Pampa, Argentina",Verzi 2008
†Xenodontomys simpsoni,MMP,553-M (holotype),Ctenomyidae,"Museo Municipal de Mar del Plata, Argentina",Verzi 2008
†Xenodontomys simpsoni,GHUNLPam,342,Ctenomyidae,"Universidad Nacional de La Pampa, Argentina",Verzi 2008
†Xenodontomys simpsoni,GHUNLPam,441,Ctenomyidae,"Universidad Nacional de La Pampa, Argentina",Verzi 2008
†Xenodontomys simpsoni,GHUNLPam,442,Ctenomyidae,"Universidad Nacional de La Pampa, Argentina",Verzi 2008
†Xenodontomys simpsoni,GHUNLPam,2005,Ctenomyidae,"Universidad Nacional de La Pampa, Argentina",Verzi 2008
†Xenodontomys simpsoni,GHUNLPam,2134,Ctenomyidae,"Universidad Nacional de La Pampa, Argentina",Verzi 2008
†Xenodontomys simpsoni,GHUNLPam,2140,Ctenomyidae,"Universidad Nacional de La Pampa, Argentina",Verzi 2008
†Xenodontomys simpsoni,GHUNLPam,2403,Ctenomyidae,"Universidad Nacional de La Pampa, Argentina",Verzi 2008
†Xenodontomys simpsoni,GHUNLPam,5016,Ctenomyidae,"Universidad Nacional de La Pampa, Argentina",Verzi 2008
†Xenodontomys simpsoni,GHUNLPam,5342,Ctenomyidae,"Universidad Nacional de La Pampa, Argentina",Verzi 2008
†Xenodontomys simpsoni,GHUNLPam,5935,Ctenomyidae,"Universidad Nacional de La Pampa, Argentina",Verzi 2008
†Xenodontomys simpsoni,GHUNLPam,5936,Ctenomyidae,"Universidad Nacional de La Pampa, Argentina",Verzi 2008
†Xenodontomys simpsoni,GHUNLPam,6517,Ctenomyidae,"Universidad Nacional de La Pampa, Argentina",Verzi 2008
†Xenodontomys simpsoni,GHUNLPam,6518,Ctenomyidae,"Universidad Nacional de La Pampa, Argentina",Verzi 2008
†Xenodontomys simpsoni,GHUNLPam,12811,Ctenomyidae,"Universidad Nacional de La Pampa, Argentina",Verzi 2008
†Xenodontomys simpsoni,GHUNLPam,14852,Ctenomyidae,"Universidad Nacional de La Pampa, Argentina",Verzi 2008
Ctenomys argentinus,MMP-Ma,2450,Ctenomyidae,"Museo Municipal de Mar del Plata, Argentina",Verzi 2008
Ctenomys argentinus,MMP-Ma,2451,Ctenomyidae,"Museo Municipal de Mar del Plata, Argentina",Verzi 2008
Ctenomys argentinus,MMP-Ma,2452,Ctenomyidae,"Museo Municipal de Mar del Plata, Argentina",Verzi 2008
Ctenomys argentinus,MMP-Ma,2453,Ctenomyidae,"Museo Municipal de Mar del Plata, Argentina",Verzi 2008
Ctenomys argentinus,MMP-Ma,4074,Ctenomyidae,"Museo Municipal de Mar del Plata, Argentina",Verzi 2008
Ctenomys australis,MLP,1.I.72.1,Ctenomyidae,"Museo de La Plata, Argentina",Verzi 2008
Ctenomys australis,MLP,3.XI.95.5,Ctenomyidae,"Museo de La Plata, Argentina",Verzi 2008
Ctenomys australis,MLP,7.XI.95.1,Ctenomyidae,"Museo de La Plata, Argentina",Verzi 2008
Ctenomys australis,MLP,7.XI.95.2,Ctenomyidae,"Museo de La Plata, Argentina",Verzi 2008
Ctenomys australis,MLP,7.XI.95.3,Ctenomyidae,"Museo de La Plata, Argentina",Verzi 2008
Ctenomys australis,MLP,7.XI.95.4,Ctenomyidae,"Museo de La Plata, Argentina",Verzi 2008
Ctenomys australis,MLP,7.XI.95.5,Ctenomyidae,"Museo de La Plata, Argentina",Verzi 2008
Ctenomys australis,MLP,7.XI.95.6,Ctenomyidae,"Museo de La Plata, Argentina",Verzi 2008
Ctenomys australis,MLP,7.XI.95.7,Ctenomyidae,"Museo de La Plata, Argentina",Verzi 2008
Ctenomys australis,MLP,7.XI.95.9,Ctenomyidae,"Museo de La Plata, Argentina",Verzi 2008
Ctenomys australis,MLP,7.XI.95.11,Ctenomyidae,"Museo de La Plata, Argentina",Verzi 2008
Ctenomys australis,MLP,7.XI.95.12,Ctenomyidae,"Museo de La Plata, Argentina",Verzi 2008
Ctenomys australis,MLP,10.XI.95.2,Ctenomyidae,"Museo de La Plata, Argentina",Verzi 2008
Ctenomys australis,MLP,28.V.01.11,Ctenomyidae,"Museo de La Plata, Argentina",Verzi 2008
Ctenomys australis,MLP,27.XII.01.61,Ctenomyidae,"Museo de La Plata, Argentina",Verzi 2008
Ctenomys australis,MMP-Ma,I1072,Ctenomyidae,"Museo Municipal de Mar del Plata, Argentina",Verzi 2008
Ctenomys australis,MMP-Ma,I1075,Ctenomyidae,"Museo Municipal de Mar del Plata, Argentina",Verzi 2008
Ctenomys australis,MMP-Ma,1797,Ctenomyidae,"Museo Municipal de Mar del Plata, Argentina",Verzi 2008
Ctenomys australis,MMP-Ma,1803,Ctenomyidae,"Museo Municipal de Mar del Plata, Argentina",Verzi 2008
Ctenomys azarae,MLP,1.I.03.7,Ctenomyidae,"Museo de La Plata, Argentina",Verzi 2008
Ctenomys azarae,MLP,1.I.03.8,Ctenomyidae,"Museo de La Plata, Argentina",Verzi 2008
Ctenomys azarae,MLP,2.IV.02.7,Ctenomyidae,"Museo de La Plata, Argentina",Verzi 2008
Ctenomys azarae,MLP,21.III.78.27,Ctenomyidae,"Museo de La Plata, Argentina",Verzi 2008
Ctenomys azarae,MLP,30.V.01.6,Ctenomyidae,"Museo de La Plata, Argentina",Verzi 2008
Ctenomys azarae,MLP,30.V.01.7,Ctenomyidae,"Museo de La Plata, Argentina",Verzi 2008
Ctenomys 'chasiquensis',MLP,27.12.01.62,Ctenomyidae,"Museo de La Plata, Argentina",Verzi 2008
Ctenomys 'chasiquensis',MMP-Ma,1761,Ctenomyidae,"Museo Municipal de Mar del Plata, Argentina",Verzi 2008
Ctenomys 'chasiquensis',MMP-Ma,1762,Ctenomyidae,"Museo Municipal de Mar del Plata, Argentina",Verzi 2008
Ctenomys 'chasiquensis',MMP-Ma,1763,Ctenomyidae,"Museo Municipal de Mar del Plata, Argentina",Verzi 2008
Ctenomys 'chasiquensis',MMP-Ma,1764,Ctenomyidae,"Museo Municipal de Mar del Plata, Argentina",Verzi 2008
Ctenomys 'chasiquensis',MMP-Ma,1765,Ctenomyidae,"Museo Municipal de Mar del Plata, Argentina",Verzi 2008
Ctenomys 'chasiquensis',MMP-Ma,1766,Ctenomyidae,"Museo Municipal de Mar del Plata, Argentina",Verzi 2008
Ctenomys 'chasiquensis',MMP-Ma,1767,Ctenomyidae,"Museo Municipal de Mar del Plata, Argentina",Verzi 2008
Ctenomys dorbignyi,MLP,5.VI.00.1,Ctenomyidae,"Museo de La Plata, Argentina",Verzi 2008
Ctenomys dorbignyi,MLP,5.VI.00.6,Ctenomyidae,"Museo de La Plata, Argentina",Verzi 2008
Ctenomys dorbignyi,MMP-Ma,3424,Ctenomyidae,"Museo Municipal de Mar del Plata, Argentina",Verzi 2008
Ctenomys dorbignyi,MMP-Ma,3425,Ctenomyidae,"Museo Municipal de Mar del Plata, Argentina",Verzi 2008
Ctenomys dorbignyi,MMP-Ma,3426,Ctenomyidae,"Museo Municipal de Mar del Plata, Argentina",Verzi 2008
Ctenomys dorbignyi,MMP-Ma,3427,Ctenomyidae,"Museo Municipal de Mar del Plata, Argentina",Verzi 2008
Ctenomys dorbignyi,MMP-Ma,3428,Ctenomyidae,"Museo Municipal de Mar del Plata, Argentina",Verzi 2008
Ctenomys dorbignyi,MMP-Ma,3452,Ctenomyidae,"Museo Municipal de Mar del Plata, Argentina",Verzi 2008
Ctenomys dorbignyi,MMP-Ma,3455,Ctenomyidae,"Museo Municipal de Mar del Plata, Argentina",Verzi 2008
Ctenomys dorbignyi,MMP-Ma,3456,Ctenomyidae,"Museo Municipal de Mar del Plata, Argentina",Verzi 2008
Ctenomys dorbignyi,MMP-Ma,3457,Ctenomyidae,"Museo Municipal de Mar del Plata, Argentina",Verzi 2008
Ctenomys flamarioni,MLP,28.V.01.5,Ctenomyidae,"Museo de La Plata, Argentina",Verzi 2008
Ctenomys flamarioni,MLP,28.V.01.6,Ctenomyidae,"Museo de La Plata, Argentina",Verzi 2008
Ctenomys frater,CBF,940,Ctenomyidae,"Museo Nacional de Historia Natural, La Paz, Bolivia",Verzi 2008
Ctenomys frater,CBF,2307,Ctenomyidae,"Museo Nacional de Historia Natural, La Paz, Bolivia",Verzi 2008
Ctenomys fulvus,MLP,7.X.92.1,Ctenomyidae,"Museo de La Plata, Argentina",Verzi 2008
Ctenomys fulvus,MLP,7.X.92.2,Ctenomyidae,"Museo de La Plata, Argentina",Verzi 2008
Ctenomys fulvus,MLP,7.X.92.3,Ctenomyidae,"Museo de La Plata, Argentina",Verzi 2008
Ctenomys fulvus,MLP,7.X.92.11,Ctenomyidae,"Museo de La Plata, Argentina",Verzi 2008
Ctenomys fulvus,MLP,7.X.92.13,Ctenomyidae,"Museo de La Plata, Argentina",Verzi 2008
Ctenomys fulvus,MLP,7.X.95.2,Ctenomyidae,"Museo de La Plata, Argentina",Verzi 2008
Ctenomys fulvus,MLP,7.XI.95.8,Ctenomyidae,"Museo de La Plata, Argentina",Verzi 2008
Ctenomys fulvus,MLP,7.XI.95.10,Ctenomyidae,"Museo de La Plata, Argentina",Verzi 2008
Ctenomys fulvus,MLP,9.XI.95.2,Ctenomyidae,"Museo de La Plata, Argentina",Verzi 2008
Ctenomys latro,MLP,3.XI.95.6,Ctenomyidae,"Museo de La Plata, Argentina",Verzi 2008
Ctenomys latro,MLP,10.XI.95.1,Ctenomyidae,"Museo de La Plata, Argentina",Verzi 2008
Ctenomys latro,MMP-Ma,2426,Ctenomyidae,"Museo Municipal de Mar del Plata, Argentina",Verzi 2008
Ctenomys latro,MMP-Ma,2427,Ctenomyidae,"Museo Municipal de Mar del Plata, Argentina",Verzi 2008
Ctenomys latro,MMP-Ma,2428,Ctenomyidae,"Museo Municipal de Mar del Plata, Argentina",Verzi 2008
Ctenomys latro,MMP-Ma,3187,Ctenomyidae,"Museo Municipal de Mar del Plata, Argentina",Verzi 2008
Ctenomys latro,MMP-Ma,3188,Ctenomyidae,"Museo Municipal de Mar del Plata, Argentina",Verzi 2008
Ctenomys latro,MMP-Ma,3189,Ctenomyidae,"Museo Municipal de Mar del Plata, Argentina",Verzi 2008
Ctenomys latro,MMP-Ma,3190,Ctenomyidae,"Museo Municipal de Mar del Plata, Argentina",Verzi 2008
Ctenomys leucodon,CBF,3658,Ctenomyidae,"Museo Nacional de Historia Natural, La Paz, Bolivia",Verzi 2008
Ctenomys leucodon,CBF,3659,Ctenomyidae,"Museo Nacional de Historia Natural, La Paz, Bolivia",Verzi 2008
Ctenomys leucodon,CBF,4999,Ctenomyidae,"Museo Nacional de Historia Natural, La Paz, Bolivia",Verzi 2008
Ctenomys leucodon,CBF,5793,Ctenomyidae,"Museo Nacional de Historia Natural, La Paz, Bolivia",Verzi 2008
Ctenomys lewisi,CBF,926,Ctenomyidae,"Museo Nacional de Historia Natural, La Paz, Bolivia",Verzi 2008
Ctenomys lewisi,CBF,2280,Ctenomyidae,"Museo Nacional de Historia Natural, La Paz, Bolivia",Verzi 2008
Ctenomys lewisi,CBF,2282,Ctenomyidae,"Museo Nacional de Historia Natural, La Paz, Bolivia",Verzi 2008
Ctenomys magellanicus,MMP-Ma,7,Ctenomyidae,"Museo Municipal de Mar del Plata, Argentina",Verzi 2008
Ctenomys magellanicus,MMP-Ma,2500,Ctenomyidae,"Museo Municipal de Mar del Plata, Argentina",Verzi 2008
Ctenomys magellanicus,MMP-Ma,2501,Ctenomyidae,"Museo Municipal de Mar del Plata, Argentina",Verzi 2008
Ctenomys magellanicus,MMP-Ma,2502,Ctenomyidae,"Museo Municipal de Mar del Plata, Argentina",Verzi 2008
Ctenomys magellanicus,MMP-Ma,2807,Ctenomyidae,"Museo Municipal de Mar del Plata, Argentina",Verzi 2008
Ctenomys magellanicus,MMP-Ma,2808,Ctenomyidae,"Museo Municipal de Mar del Plata, Argentina",Verzi 2008
Ctenomys magellanicus,MMP-Ma,4157,Ctenomyidae,"Museo Municipal de Mar del Plata, Argentina",Verzi 2008
Ctenomys maulinus,MLP,1.X.01.4,Ctenomyidae,"Museo de La Plata, Argentina",Verzi 2008
Ctenomys maulinus,MLP,1.X.01.3,Ctenomyidae,"Museo de La Plata, Argentina",Verzi 2008
Ctenomys maulinus,MLP,7.X.92.10,Ctenomyidae,"Museo de La Plata, Argentina",Verzi 2008
Ctenomys mendocinus,MLP,7.X.92.4,Ctenomyidae,"Museo de La Plata, Argentina",Verzi 2008
Ctenomys mendocinus,MLP,3.XI.95.7,Ctenomyidae,"Museo de La Plata, Argentina",Verzi 2008
Ctenomys mendocinus,MLP,30.V.01.1,Ctenomyidae,"Museo de La Plata, Argentina",Verzi 2008
Ctenomys opimus,MLP,12.XI.02.16,Ctenomyidae,"Museo de La Plata, Argentina",Verzi 2008
Ctenomys opimus,MLP,12.XI.02.17,Ctenomyidae,"Museo de La Plata, Argentina",Verzi 2008
Ctenomys opimus,MLP,12.XI.02.18,Ctenomyidae,"Museo de La Plata, Argentina",Verzi 2008
Ctenomys opimus,MMP-Ma,2202,Ctenomyidae,"Museo Municipal de Mar del Plata, Argentina",Verzi 2008
Ctenomys opimus,MMP-Ma,3102,Ctenomyidae,"Museo Municipal de Mar del Plata, Argentina",Verzi 2008
Ctenomys opimus,MMP-Ma,3103,Ctenomyidae,"Museo Municipal de Mar del Plata, Argentina",Verzi 2008
Ctenomys opimus,MMP-Ma,3104,Ctenomyidae,"Museo Municipal de Mar del Plata, Argentina",Verzi 2008
Ctenomys opimus,MMP-Ma,3105,Ctenomyidae,"Museo Municipal de Mar del Plata, Argentina",Verzi 2008
Ctenomys pearsoni,MLP,30.XI.93.3,Ctenomyidae,"Museo de La Plata, Argentina",Verzi 2008
Ctenomys pearsoni,MLP,30.XI.93.4,Ctenomyidae,"Museo de La Plata, Argentina",Verzi 2008
Ctenomys perrensi,MMP-Ma,2437,Ctenomyidae,"Museo Municipal de Mar del Plata, Argentina",Verzi 2008
Ctenomys perrensi,MMP-Ma,2438,Ctenomyidae,"Museo Municipal de Mar del Plata, Argentina",Verzi 2008
Ctenomys perrensi,MMP-Ma,2440,Ctenomyidae,"Museo Municipal de Mar del Plata, Argentina",Verzi 2008
Ctenomys perrensi,MMP-Ma,2447,Ctenomyidae,"Museo Municipal de Mar del Plata, Argentina",Verzi 2008
Ctenomys perrensi,MMP-Ma,2474,Ctenomyidae,"Museo Municipal de Mar del Plata, Argentina",Verzi 2008
Ctenomys perrensi,MMP-Ma,3417-3420,Ctenomyidae,"Museo Municipal de Mar del Plata, Argentina",Verzi 2008
Ctenomys perrensi,MMP-Ma,3422,Ctenomyidae,"Museo Municipal de Mar del Plata, Argentina",Verzi 2008
Ctenomys perrensi,MMP-Ma,3423,Ctenomyidae,"Museo Municipal de Mar del Plata, Argentina",Verzi 2008
Ctenomys perrensi,MMP-Ma,3453,Ctenomyidae,"Museo Municipal de Mar del Plata, Argentina",Verzi 2008
Ctenomys porteousi,MMP-Ma,1337,Ctenomyidae,"Museo Municipal de Mar del Plata, Argentina",Verzi 2008
Ctenomys porteousi,MMP-Ma,1340,Ctenomyidae,"Museo Municipal de Mar del Plata, Argentina",Verzi 2008
Ctenomys porteousi,MMP-Ma,1343,Ctenomyidae,"Museo Municipal de Mar del Plata, Argentina",Verzi 2008
Ctenomys porteousi,MMP-Ma,1347,Ctenomyidae,"Museo Municipal de Mar del Plata, Argentina",Verzi 2008
Ctenomys porteousi,MMP-Ma,2288,Ctenomyidae,"Museo Municipal de Mar del Plata, Argentina",Verzi 2008
Ctenomys porteousi,MMP-Ma,2289,Ctenomyidae,"Museo Municipal de Mar del Plata, Argentina",Verzi 2008
Ctenomys porteousi,MMP-Ma,2290,Ctenomyidae,"Museo Municipal de Mar del Plata, Argentina",Verzi 2008
Ctenomys porteousi,MMP-Ma,2291,Ctenomyidae,"Museo Municipal de Mar del Plata, Argentina",Verzi 2008
Ctenomys porteousi,MMP-Ma,2292,Ctenomyidae,"Museo Municipal de Mar del Plata, Argentina",Verzi 2008
Ctenomys porteousi,MMP-Ma,2293,Ctenomyidae,"Museo Municipal de Mar del Plata, Argentina",Verzi 2008
Ctenomys porteousi,MMP-Ma,2296,Ctenomyidae,"Museo Municipal de Mar del Plata, Argentina",Verzi 2008
Ctenomys porteousi,MMP-Ma,2297,Ctenomyidae,"Museo Municipal de Mar del Plata, Argentina",Verzi 2008
Ctenomys porteousi,MMP-Ma,3213,Ctenomyidae,"Museo Municipal de Mar del Plata, Argentina",Verzi 2008
Ctenomys porteousi,MMP-Ma,3215,Ctenomyidae,"Museo Municipal de Mar del Plata, Argentina",Verzi 2008
Ctenomys porteousi,MMP-Ma,3216,Ctenomyidae,"Museo Municipal de Mar del Plata, Argentina",Verzi 2008
Ctenomys porteousi,MMP-Ma,3219,Ctenomyidae,"Museo Municipal de Mar del Plata, Argentina",Verzi 2008
Ctenomys rionegrensis,CA,393,Ctenomyidae,"Laboratorio de Evolución, Facultad de Ciencias, Universidad de la República, Uruguay",Verzi 2008
Ctenomys rionegrensis,CA,CA 412,Ctenomyidae,"Laboratorio de Evolución, Facultad de Ciencias, Universidad de la República, Uruguay",Verzi 2008
Ctenomys rionegrensis,CA,EV1137,Ctenomyidae,"Laboratorio de Evolución, Facultad de Ciencias, Universidad de la República, Uruguay",Verzi 2008
Ctenomys roigi,MMP-Ma,2410,Ctenomyidae,"Museo Municipal de Mar del Plata, Argentina",Verzi 2008
Ctenomys roigi,MMP-Ma,2411,Ctenomyidae,"Museo Municipal de Mar del Plata, Argentina",Verzi 2008
Ctenomys roigi,MMP-Ma,2412,Ctenomyidae,"Museo Municipal de Mar del Plata, Argentina",Verzi 2008
Ctenomys roigi,MMP-Ma,2442,Ctenomyidae,"Museo Municipal de Mar del Plata, Argentina",Verzi 2008
Ctenomys roigi,MMP-Ma,3461,Ctenomyidae,"Museo Municipal de Mar del Plata, Argentina",Verzi 2008
Ctenomys sociabilis,MMP-Ma,3708,Ctenomyidae,"Museo Municipal de Mar del Plata, Argentina",Verzi 2008
Ctenomys sociabilis,MMP-Ma,3709,Ctenomyidae,"Museo Municipal de Mar del Plata, Argentina",Verzi 2008
Ctenomys steinbachi,CBF,942,Ctenomyidae,"Museo Nacional de Historia Natural, La Paz, Bolivia",Verzi 2008
Ctenomys steinbachi,CBF,943,Ctenomyidae,"Museo Nacional de Historia Natural, La Paz, Bolivia",Verzi 2008
Ctenomys steinbachi,CBF,944,Ctenomyidae,"Museo Nacional de Historia Natural, La Paz, Bolivia",Verzi 2008
Ctenomys talarum,MLP,20.III.78.1,Ctenomyidae,"Museo de La Plata, Argentina",Verzi 2008
Ctenomys talarum,MLP,20.III.78.2,Ctenomyidae,"Museo de La Plata, Argentina",Verzi 2008
Ctenomys talarum,MLP,20.III.78.3,Ctenomyidae,"Museo de La Plata, Argentina",Verzi 2008
Ctenomys talarum,MLP,20.III.78.4,Ctenomyidae,"Museo de La Plata, Argentina",Verzi 2008
Ctenomys talarum,MLP,20.III.78.5,Ctenomyidae,"Museo de La Plata, Argentina",Verzi 2008
Ctenomys talarum,MLP,20.III.78.6,Ctenomyidae,"Museo de La Plata, Argentina",Verzi 2008
Ctenomys talarum,MLP,20.III.78.7,Ctenomyidae,"Museo de La Plata, Argentina",Verzi 2008
Ctenomys talarum,MLP,21.III.78.19,Ctenomyidae,"Museo de La Plata, Argentina",Verzi 2008
Ctenomys talarum,MLP,21.III.78.20,Ctenomyidae,"Museo de La Plata, Argentina",Verzi 2008
Ctenomys talarum,MLP,21.III.78.21,Ctenomyidae,"Museo de La Plata, Argentina",Verzi 2008
Ctenomys talarum,MLP,21.III.78.22,Ctenomyidae,"Museo de La Plata, Argentina",Verzi 2008
Ctenomys talarum,MLP,10.V.87.1,Ctenomyidae,"Museo de La Plata, Argentina",Verzi 2008
Ctenomys talarum,MLP,10.V.87.2,Ctenomyidae,"Museo de La Plata, Argentina",Verzi 2008
Ctenomys talarum,MLP,10.V.87.3,Ctenomyidae,"Museo de La Plata, Argentina",Verzi 2008
Ctenomys talarum,MLP,10.V.87.4,Ctenomyidae,"Museo de La Plata, Argentina",Verzi 2008
Ctenomys talarum,MLP,10.V.87.5,Ctenomyidae,"Museo de La Plata, Argentina",Verzi 2008
Ctenomys talarum,MLP,10.V.87.6,Ctenomyidae,"Museo de La Plata, Argentina",Verzi 2008
Ctenomys talarum,MLP,10.V.87.7,Ctenomyidae,"Museo de La Plata, Argentina",Verzi 2008
Ctenomys talarum,MLP,10.V.87.8,Ctenomyidae,"Museo de La Plata, Argentina",Verzi 2008
Ctenomys talarum,MLP,10.V.87.9,Ctenomyidae,"Museo de La Plata, Argentina",Verzi 2008
Ctenomys talarum,MLP,1.XI.95.8,Ctenomyidae,"Museo de La Plata, Argentina",Verzi 2008
Ctenomys talarum,MLP,1.XI.95.9,Ctenomyidae,"Museo de La Plata, Argentina",Verzi 2008
Ctenomys talarum,MLP,1.XI.95.10,Ctenomyidae,"Museo de La Plata, Argentina",Verzi 2008
Ctenomys talarum,MLP,1.XI.95.11,Ctenomyidae,"Museo de La Plata, Argentina",Verzi 2008
Ctenomys talarum,MLP,1.XI.95.12,Ctenomyidae,"Museo de La Plata, Argentina",Verzi 2008
Ctenomys talarum,MLP,1.XI.95.13,Ctenomyidae,"Museo de La Plata, Argentina",Verzi 2008
Ctenomys talarum,MLP,1.XI.95.14,Ctenomyidae,"Museo de La Plata, Argentina",Verzi 2008
Ctenomys talarum,MLP,1.XI.95.15,Ctenomyidae,"Museo de La Plata, Argentina",Verzi 2008
Ctenomys talarum,MLP,3.XI.95.1,Ctenomyidae,"Museo de La Plata, Argentina",Verzi 2008
Ctenomys talarum,MLP,3.XI.95.2,Ctenomyidae,"Museo de La Plata, Argentina",Verzi 2008
Ctenomys talarum,MLP,3.XI.95.3,Ctenomyidae,"Museo de La Plata, Argentina",Verzi 2008
Ctenomys talarum,MLP,3.XI.95.4,Ctenomyidae,"Museo de La Plata, Argentina",Verzi 2008
Ctenomys talarum,MLP,10.XI.95.6,Ctenomyidae,"Museo de La Plata, Argentina",Verzi 2008
Ctenomys talarum,MLP,10.XI.95.7,Ctenomyidae,"Museo de La Plata, Argentina",Verzi 2008
Ctenomys talarum,MLP,23.VIII.01.2,Ctenomyidae,"Museo de La Plata, Argentina",Verzi 2008
Ctenomys talarum,MLP,23.VIII.01.7,Ctenomyidae,"Museo de La Plata, Argentina",Verzi 2008
Ctenomys talarum,MLP,23.VIII.01.10,Ctenomyidae,"Museo de La Plata, Argentina",Verzi 2008
Ctenomys talarum,MLP,1.VIII.00.11,Ctenomyidae,"Museo de La Plata, Argentina",Verzi 2008
Ctenomys tuconax,MLP,12.VI.70.3,Ctenomyidae,"Museo de La Plata, Argentina",Verzi 2008
Ctenomys tuconax,MLP,12.VI.70.4,Ctenomyidae,"Museo de La Plata, Argentina",Verzi 2008
Ctenomys tuconax,MLP,12.VI.70.6,Ctenomyidae,"Museo de La Plata, Argentina",Verzi 2008
Ctenomys tuconax,MLP,27.III.78.2,Ctenomyidae,"Museo de La Plata, Argentina",Verzi 2008
Ctenomys tuconax,MLP,28.V.01.1,Ctenomyidae,"Museo de La Plata, Argentina",Verzi 2008
Ctenomys tuconax,MMP-Ma,2429,Ctenomyidae,"Museo Municipal de Mar del Plata, Argentina",Verzi 2008
Ctenomys tuconax,MMP-Ma,2430,Ctenomyidae,"Museo Municipal de Mar del Plata, Argentina",Verzi 2008
Ctenomys tuconax,MMP-Ma,2960,Ctenomyidae,"Museo Municipal de Mar del Plata, Argentina",Verzi 2008
Ctenomys tuconax,MMP-Ma,2961,Ctenomyidae,"Museo Municipal de Mar del Plata, Argentina",Verzi 2008
Ctenomys tuconax,MMP-Ma,2962,Ctenomyidae,"Museo Municipal de Mar del Plata, Argentina",Verzi 2008
Ctenomys tuconax,MMP-Ma,2963,Ctenomyidae,"Museo Municipal de Mar del Plata, Argentina",Verzi 2008
Ctenomys tuconax,MMP-Ma,3182,Ctenomyidae,"Museo Municipal de Mar del Plata, Argentina",Verzi 2008
Ctenomys tuconax,MMP-Ma,3303,Ctenomyidae,"Museo Municipal de Mar del Plata, Argentina",Verzi 2008
Ctenomys tuconax,MMP-Ma,3304,Ctenomyidae,"Museo Municipal de Mar del Plata, Argentina",Verzi 2008
Ctenomys tuconax,MMP-Ma,3311,Ctenomyidae,"Museo Municipal de Mar del Plata, Argentina",Verzi 2008
Ctenomys tuconax,MMP-Ma,3342,Ctenomyidae,"Museo Municipal de Mar del Plata, Argentina",Verzi 2008
Ctenomys tuconax,MMP-Ma,3346,Ctenomyidae,"Museo Municipal de Mar del Plata, Argentina",Verzi 2008
Ctenomys tuconax,MMP-Ma,3695,Ctenomyidae,"Museo Municipal de Mar del Plata, Argentina",Verzi 2008
Ctenomys tuconax,MMP-Ma,4161,Ctenomyidae,"Museo Municipal de Mar del Plata, Argentina",Verzi 2008
Ctenomys tuconax,MMP-Ma,4206,Ctenomyidae,"Museo Municipal de Mar del Plata, Argentina",Verzi 2008
Ctenomys tucumanus,MLP,1838,Ctenomyidae,"Museo de La Plata, Argentina",Verzi 2008
Ctenomys tucumanus,MLP,7.X.92.6,Ctenomyidae,"Museo de La Plata, Argentina",Verzi 2008
Octodontomys gliroides,MACN,27.92,Octodontidae,"Museo Argentino de Ciencias Naturales, Buenos Aires, Argentina",Verzi 2008
Octodontomys gliroides,MACN,27.93,Octodontidae,"Museo Argentino de Ciencias Naturales, Buenos Aires, Argentina",Verzi 2008
Octodontomys gliroides,MACN,27.94,Octodontidae,"Museo Argentino de Ciencias Naturales, Buenos Aires, Argentina",Verzi 2008
Octodontomys gliroides,MACN,27.96,Octodontidae,"Museo Argentino de Ciencias Naturales, Buenos Aires, Argentina",Verzi 2008
Octodontomys gliroides,MACN,30.51,Octodontidae,"Museo Argentino de Ciencias Naturales, Buenos Aires, Argentina",Verzi 2008
Octodontomys gliroides,MACN,30.52,Octodontidae,"Museo Argentino de Ciencias Naturales, Buenos Aires, Argentina",Verzi 2008
Octodontomys gliroides,MACN,30.54,Octodontidae,"Museo Argentino de Ciencias Naturales, Buenos Aires, Argentina",Verzi 2008
Octodontomys gliroides,MACN,30.55,Octodontidae,"Museo Argentino de Ciencias Naturales, Buenos Aires, Argentina",Verzi 2008
Octodontomys gliroides,MACN,30.112,Octodontidae,"Museo Argentino de Ciencias Naturales, Buenos Aires, Argentina",Verzi 2008
Octodontomys gliroides,MACN,31.39,Octodontidae,"Museo Argentino de Ciencias Naturales, Buenos Aires, Argentina",Verzi 2008
Octodontomys gliroides,MACN,32.15,Octodontidae,"Museo Argentino de Ciencias Naturales, Buenos Aires, Argentina",Verzi 2008
Octodontomys gliroides,MACN,32.16,Octodontidae,"Museo Argentino de Ciencias Naturales, Buenos Aires, Argentina",Verzi 2008
Octodontomys gliroides,MACN,32.59,Octodontidae,"Museo Argentino de Ciencias Naturales, Buenos Aires, Argentina",Verzi 2008
Octodontomys gliroides,MACN,49.101,Octodontidae,"Museo Argentino de Ciencias Naturales, Buenos Aires, Argentina",Verzi 2008
Octodontomys gliroides,MACN,17832,Octodontidae,"Museo Argentino de Ciencias Naturales, Buenos Aires, Argentina",Verzi 2008
Octodontomys gliroides,MACN,17833,Octodontidae,"Museo Argentino de Ciencias Naturales, Buenos Aires, Argentina",Verzi 2008
Octodontomys gliroides,MACN,17834,Octodontidae,"Museo Argentino de Ciencias Naturales, Buenos Aires, Argentina",Verzi 2008
Octodontomys gliroides,MACN,17835,Octodontidae,"Museo Argentino de Ciencias Naturales, Buenos Aires, Argentina",Verzi 2008
Octodontomys gliroides,MACN,17836,Octodontidae,"Museo Argentino de Ciencias Naturales, Buenos Aires, Argentina",Verzi 2008
Octodontomys gliroides,MACN,17837,Octodontidae,"Museo Argentino de Ciencias Naturales, Buenos Aires, Argentina",Verzi 2008
Octodontomys gliroides,MLP,5.X.99.10,Octodontidae,"Museo de La Plata, Argentina",Verzi 2008
Octodontomys gliroides,MLP,25.XI.98.1,Octodontidae,"Museo de La Plata, Argentina",Verzi 2008
Octodontomys gliroides,MMP,755,Octodontidae,"Museo Municipal de Mar del Plata, Argentina",Verzi 2008
Octodontomys gliroides,MMP,2200,Octodontidae,"Museo Municipal de Mar del Plata, Argentina",Verzi 2008
Octodontomys gliroides,MMP,2532,Octodontidae,"Museo Municipal de Mar del Plata, Argentina",Verzi 2008
Octodontomys gliroides,MMP,3057,Octodontidae,"Museo Municipal de Mar del Plata, Argentina",Verzi 2008
Octodontomys gliroides,MMP,3557,Octodontidae,"Museo Municipal de Mar del Plata, Argentina",Verzi 2008
Octomys mimax,IMCN-CM,23,Octodontidae,"Instituto y Museo de Ciencias Naturales, San Juan, Argentina",Verzi 2008
Octomys mimax,IMCN-CM,24,Octodontidae,"Instituto y Museo de Ciencias Naturales, San Juan, Argentina",Verzi 2008
Octomys mimax,MACN,13764,Octodontidae,"Museo Argentino de Ciencias Naturales, Buenos Aires, Argentina",Verzi 2008
Octomys mimax,MACN,13765,Octodontidae,"Museo Argentino de Ciencias Naturales, Buenos Aires, Argentina",Verzi 2008
Octomys mimax,MACN,13770,Octodontidae,"Museo Argentino de Ciencias Naturales, Buenos Aires, Argentina",Verzi 2008
Octomys mimax,MACN,13773,Octodontidae,"Museo Argentino de Ciencias Naturales, Buenos Aires, Argentina",Verzi 2008
Octomys mimax,MACN,13782,Octodontidae,"Museo Argentino de Ciencias Naturales, Buenos Aires, Argentina",Verzi 2008
Octomys mimax,MMP,388,Octodontidae,"Museo Municipal de Mar del Plata, Argentina",Verzi 2008
Thrichomys apereoides,MMP-Ma,542,Echimyidae,"Museo Municipal de Mar del Plata, Argentina",Verzi 2008
Thrichomys apereoides,MMP-Ma,1242,Echimyidae,"Museo Municipal de Mar del Plata, Argentina",Verzi 2008
Thrichomys apereoides,MMP-Ma,1243,Echimyidae,"Museo Municipal de Mar del Plata, Argentina",Verzi 2008
Thrichomys apereoides,MMP-Ma,1245,Echimyidae,"Museo Municipal de Mar del Plata, Argentina",Verzi 2008
Thrichomys apereoides,MMP-Ma,1246,Echimyidae,"Museo Municipal de Mar del Plata, Argentina",Verzi 2008
Thrichomys apereoides,MMP-Ma,1247,Echimyidae,"Museo Municipal de Mar del Plata, Argentina",Verzi 2008
Thrichomys apereoides,MMP-Ma,1248,Echimyidae,"Museo Municipal de Mar del Plata, Argentina",Verzi 2008
Thrichomys apereoides,MMP-Ma,1295,Echimyidae,"Museo Municipal de Mar del Plata, Argentina",Verzi 2008
Thrichomys apereoides,MMP-Ma,1296,Echimyidae,"Museo Municipal de Mar del Plata, Argentina",Verzi 2008
Thrichomys apereoides,MMP-Ma,1297,Echimyidae,"Museo Municipal de Mar del Plata, Argentina",Verzi 2008
