sp,char1,char2,char3,char4,char5,char6,char7,char8,char9,char10,char11,char12,char13,char14,char15,char16,char17,char18,char19,char20,char21,char22,char23,char24,char25,char26,char27,char28,char29,char30,char31,char32,char33,char34,char35,study
Thrichomys,0,0,0,0,0,0,0,0,0,0,0,0,0,0,0,0,0,0,0,0,0,0,0,0,0,0,0,?,0,0,0,0,0,0,0,Verzi 2008
Octomys,0,0,0,0,0,0,0,1,1,0,0,1,0,1,0,0,0,0,1,0,0,1,1,0,0,0,0,0,1,1,0,0,1,1,0,Verzi 2008
Octodontomys,0,0,0,0,0,0,0,0,1,0,0,1,0,1,0,0,0,0,1,0,0,1,1,0,2,0,0,0,2,2,1,1,1,2,1,Verzi 2008
Xenodontomys,2,1,0,1,1,1,0,2,0,?,?,2,0,1,1,?,?,0,?,?,?,1,3,0,1,0,0,0,3,2,3,0,2,3,0,Verzi 2008
Actenomys,2,1,0,1,1,1,0,2,0,1,1,2,0,1,1,1,0,0,1,0,1,1,3,0,1,0,0,0,3,2,3,0,2,3,0,Verzi 2008
Eucelophorus,3,2,2,0,0,0,0,2,0,0,0,2,2,1,0,3,1,2,1,2,0,1,4,1,0,0,1,0,3,2,2,0,2,6,0,Verzi 2008
Praectenomys,2,3,0,1,?,0,0,2,0,?,?,?,?,1,?,?,?,?,?,?,?,1,2,?,1,0,0,1,3,2,3,2,2,4,1,Verzi 2008
Ctenomys,1,3,1,1,1,0,1,2,0,1,2,2,2,1,0,2,1,1,1,1,1,1,2,2,1,1,1,1,3,2,3,2,2,5,1,Verzi 2008
Paractenomys,1,3,1,1,1,0,0,2,0,1,1,2,1,1,0,2,1,1,1,1,1,1,2,2,1,0,0,1,3,2,3,2,2,5,1,Verzi 2008
